{"authorDailyContributionsMap":{"mfarhan-s":[{"date":"2024-02-03","commitResults":[{"hash":"22b1a454b1a22f287cd2693cb87e3133149a9de9","isMergeCommit":false,"messageTitle":"Rename, Greet, Exit","messageBody":"","tags":["Level-0"],"fileTypesAndContributionMap":{"java":{"insertions":12,"deletions":6}}},{"hash":"93432d20257f302e70fc788f8d7d4b9d268d9f91","isMergeCommit":false,"messageTitle":"add runDuke, echoUserInput, printHorizontalLine edit greetUser, sayGoodbye","messageBody":"","tags":["Level-1"],"fileTypesAndContributionMap":{"java":{"insertions":30,"deletions":8}}},{"hash":"741822cbcdc5313fd88fc19803a25d8da46dbb3c","isMergeCommit":false,"messageTitle":"added ability to add tasks to a list, print out all the items in list","messageBody":"","tags":["Level-2"],"fileTypesAndContributionMap":{"java":{"insertions":25,"deletions":2}}}]},{"date":"2024-02-13","commitResults":[{"hash":"811937fb6893ad14b65ba98f63428464c1e5f8fa","isMergeCommit":false,"messageTitle":"Add a new class named Task, edited Main to utilise new class","messageBody":"","tags":["Level-3"],"fileTypesAndContributionMap":{"java":{"insertions":108,"deletions":27}}}]},{"date":"2024-02-17","commitResults":[{"hash":"dfd4feca01e64f7da78449bd7663556877bc6d44","isMergeCommit":false,"messageTitle":"added new class TaskListManager to handle list of tasks, moved codes handling tasks out of Duke to Task, added new class ToDo inheriting from Task","messageBody":"","fileTypesAndContributionMap":{"java":{"insertions":89,"deletions":74}}},{"hash":"d6f534e2f0e03b3191fec76778c61d628d51f110","isMergeCommit":false,"messageTitle":"added new classes Deadline and Event","messageBody":"","tags":["Level-4"],"fileTypesAndContributionMap":{"java":{"insertions":114,"deletions":16}}}]},{"date":"2024-03-09","commitResults":[{"hash":"f11ba9ec2e67664abff16ea9d995bc725ec12d75","isMergeCommit":false,"messageTitle":"added DukeException class to handle errors","messageBody":"","tags":["Level-5"],"fileTypesAndContributionMap":{"java":{"insertions":47,"deletions":17}}},{"hash":"65814eb706ff15ede85dd25c8d44ba6fbef719dd","isMergeCommit":false,"messageTitle":"modified code to use ArrayList to manage tasks","messageBody":"","fileTypesAndContributionMap":{"java":{"insertions":23,"deletions":25}}}]},{"date":"2024-03-16","commitResults":[{"hash":"e9b572fa736a06e8fdecacbb3461a337eece672f","isMergeCommit":false,"messageTitle":"Add support for deleting tasks from the list.","messageBody":"","tags":["Level-6"],"fileTypesAndContributionMap":{"java":{"insertions":40,"deletions":11}}}]},{"date":"2024-03-17","commitResults":[{"hash":"ce07a7599816e61eedf582cf8ea25238352bcf62","isMergeCommit":false,"messageTitle":"added ability to save the tasks in the hard disk automatically whenever the task list changes and load the data from the hard disk when the chatbot starts up.","messageBody":"","tags":["Level-7"],"fileTypesAndContributionMap":{"java":{"insertions":206,"deletions":21}}}]},{"date":"2024-03-20","commitResults":[{"hash":"179e82568efb2c6c2d1f0bd0aa168657a0b8fd76","isMergeCommit":false,"messageTitle":"make code more OOP","messageBody":"","fileTypesAndContributionMap":{"java":{"insertions":225,"deletions":196}}},{"hash":"2ef730c5ae7d2bb891e0aad8e718dfa2e6f37df2","isMergeCommit":false,"messageTitle":"cleaned up UI format","messageBody":"","fileTypesAndContributionMap":{"java":{"insertions":1,"deletions":1}}}]},{"date":"2024-03-22","commitResults":[{"hash":"b0b1273b8f14aa54419f9887c37e2f8a6749a34b","isMergeCommit":false,"messageTitle":"made code more OOP with packages","messageBody":"","fileTypesAndContributionMap":{"java":{"insertions":36,"deletions":11}}}]},{"date":"2024-03-23","commitResults":[{"hash":"4f403f67b226708f307895c9c5a585a4ddac8289","isMergeCommit":false,"messageTitle":"add new class to parse Dates and Times","messageBody":"","fileTypesAndContributionMap":{"java":{"insertions":2,"deletions":0}}},{"hash":"bfa238c1ac0e541e6b7a57f1854ea7bbe3ebf752","isMergeCommit":false,"messageTitle":"added ability to handle dates and times format","messageBody":"","fileTypesAndContributionMap":{"java":{"insertions":16,"deletions":10}}},{"hash":"1b09237854dc488c4c42695773ad32c7ac21ee77","isMergeCommit":false,"messageTitle":"cleaned up error handling messages","messageBody":"","fileTypesAndContributionMap":{"java":{"insertions":67,"deletions":44}}},{"hash":"ef09a620c0b601a6c987e34eca4620fc1ea08314","isMergeCommit":false,"messageTitle":"fixed deadline bug","messageBody":"","fileTypesAndContributionMap":{"java":{"insertions":6,"deletions":7}}}]},{"date":"2024-03-24","commitResults":[{"hash":"871f54d763b1ed1c019eba10846f86b94f31c487","isMergeCommit":false,"messageTitle":"edited deadline task to be only valid if it is in the future","messageBody":"","fileTypesAndContributionMap":{"java":{"insertions":5,"deletions":5}}},{"hash":"b8f129ce5574f41a0356ef4b23b53f9e07a47bb9","isMergeCommit":false,"messageTitle":"event task can understand date and times","messageBody":"","tags":["Level-8"],"fileTypesAndContributionMap":{"java":{"insertions":84,"deletions":34}}}]},{"date":"2024-04-01","commitResults":[{"hash":"570f064fd534bb9dc32f57ecb6afc9a0ac39bd0f","isMergeCommit":false,"messageTitle":"Give users a way to find a task by searching for a keyword","messageBody":"","tags":["Level-9"],"fileTypesAndContributionMap":{"java":{"insertions":37,"deletions":4}}},{"hash":"db012d1433c86f97e94962e6170c1416cdbcb7bf","isMergeCommit":false,"messageTitle":"added individual feature #1: ability to postpone tasks","messageBody":"","fileTypesAndContributionMap":{"java":{"insertions":70,"deletions":4}}},{"hash":"cc9c0ad3c0db0349f292968d4cc66607c9ddcb77","isMergeCommit":false,"messageTitle":"added individual feature 1: ability to postpone tasks","messageBody":"","fileTypesAndContributionMap":{"java":{"insertions":4,"deletions":70}}},{"hash":"d49fd9339ae15a7fea38464184e4edb9f39dfe92","isMergeCommit":false,"messageTitle":"added individual feature 1: ability to postpone tasks","messageBody":"","fileTypesAndContributionMap":{"java":{"insertions":149,"deletions":79}}}]},{"date":"2024-04-02","commitResults":[{"hash":"c9a33e2737423ddda13d0ae390b66afef64bb0d4","isMergeCommit":false,"messageTitle":"added JavaDocs comments to the codes","messageBody":"","fileTypesAndContributionMap":{"java":{"insertions":346,"deletions":1}}}]},{"date":"2024-04-03","commitResults":[{"hash":"25a91d456e66598d1a855ce7ae403372d33f1144","isMergeCommit":true,"messageTitle":"Merge commit \u0027a6f73244a20539e20c2189973ebf597df34ef631\u0027","messageBody":"* commit \u0027a6f73244a20539e20c2189973ebf597df34ef631\u0027:\n  Bump gradle and lib version\n  Add Gradle support\n  docs/README.md: Tweak document template\n","fileTypesAndContributionMap":{}},{"hash":"fb4f2d73d6c079b258bfcb8fa859644c1010bd7d","isMergeCommit":false,"messageTitle":"set up gradle so that can build and run Duke using gradle","messageBody":"","fileTypesAndContributionMap":{"gradle":{"insertions":1,"deletions":1}}},{"hash":"36757493a97020ba8d71477ca5594d512bdac084","isMergeCommit":false,"messageTitle":"Add JUnit tests to test the behavior of the Todo class","messageBody":"","fileTypesAndContributionMap":{"java":{"insertions":14,"deletions":0}}},{"hash":"d753726fccdb833f0cf89b91dcc0fcabc78bdee7","isMergeCommit":false,"messageTitle":"shortened the methods that are too long by extracting some parts into separate methods","messageBody":"","fileTypesAndContributionMap":{"java":{"insertions":245,"deletions":121}}},{"hash":"1dcff858206403aa2e7a426eb1c5c61e04c6d8fe","isMergeCommit":false,"messageTitle":"changed the variable \u0027found\u0027 to \u0027isFound\u0027 for clarity","messageBody":"","fileTypesAndContributionMap":{"java":{"insertions":4,"deletions":4}}},{"hash":"8e9020679742073e0fbe1fc36024522f9adc51a4","isMergeCommit":false,"messageTitle":"Add JUnit test to test the behavior of the DateTimeParser class","messageBody":"","fileTypesAndContributionMap":{"java":{"insertions":2,"deletions":0}}},{"hash":"cdfdde36ca6afcb7434b1d1f387731feedd5db68","isMergeCommit":false,"messageTitle":"Add JUnit test to test the behavior of the DateTimeParser class","messageBody":"","fileTypesAndContributionMap":{"java":{"insertions":24,"deletions":5}}},{"hash":"fceee939c7c40ed4408b0cd373e2b10838790582","isMergeCommit":false,"messageTitle":"added assertions to some classes","messageBody":"","fileTypesAndContributionMap":{"java":{"insertions":34,"deletions":10}}}]},{"date":"2024-04-17","commitResults":[{"hash":"02a0e4adda6ac67339724f8ec3f9f2470124ef91","isMergeCommit":false,"messageTitle":"minor code cleaning","messageBody":"","fileTypesAndContributionMap":{"java":{"insertions":14,"deletions":20}}},{"hash":"a7ab094ca98ee76dc467fad12e5eb17bf12ef840","isMergeCommit":false,"messageTitle":"minor bug fixes","messageBody":"","fileTypesAndContributionMap":{"java":{"insertions":10,"deletions":3}}}]},{"date":"2024-04-18","commitResults":[{"hash":"3f432887d02d490f1efe298c8c3709773012fbe8","isMergeCommit":false,"messageTitle":"created JAR file","messageBody":"","fileTypesAndContributionMap":{"gradle":{"insertions":1,"deletions":1}}}]},{"date":"2024-04-19","commitResults":[{"hash":"c1f5ea15cffeeb10d4627a33e571ef2a81841914","isMergeCommit":false,"messageTitle":"minor bug fixes","messageBody":"","fileTypesAndContributionMap":{"java":{"insertions":0,"deletions":4}}},{"hash":"88882e87946e6d3dbeda0df965c65f47b436be05","isMergeCommit":false,"messageTitle":"added clarity for the exception handling","messageBody":"","fileTypesAndContributionMap":{"java":{"insertions":23,"deletions":16}}}]}]},"authorFileTypeContributionMap":{"mfarhan-s":{"java":1265,"md":0,"fxml":0,"sh":0,"bat":0,"gradle":2,"txt":0}},"authorContributionVariance":{"mfarhan-s":8550.417},"authorDisplayNameMap":{"mfarhan-s":"MUHA..ALIM"}}
