[{"path":"data/duke.txt","fileType":"txt","lines":[{"lineNumber":1,"author":{"gitId":"JiaXingVV"},"content":"D | 1 | return book | 2/12/2019 1800","lastModifiedDate":"2024-04-08","isFullCredit":false},{"lineNumber":2,"author":{"gitId":"JiaXingVV"},"content":"E | 1 | test | 2/12/2019 1800 | 4/12/2019 1800","lastModifiedDate":"2024-04-08","isFullCredit":false},{"lineNumber":3,"author":{"gitId":"JiaXingVV"},"content":"T | 1 | test2","lastModifiedDate":"2024-04-08","isFullCredit":false},{"lineNumber":4,"author":{"gitId":"JiaXingVV"},"content":"T | 0 | test 2","lastModifiedDate":"2024-04-08","isFullCredit":false},{"lineNumber":5,"author":{"gitId":"JiaXingVV"},"content":"E | 0 | test | 2/12/2019 1800 | 4/12/2019 1800","lastModifiedDate":"2024-04-08","isFullCredit":false},{"lineNumber":6,"author":{"gitId":"JiaXingVV"},"content":"D | 1 | return book | 2/12/2019 1800","lastModifiedDate":"2024-04-08","isFullCredit":false},{"lineNumber":7,"author":{"gitId":"JiaXingVV"},"content":"D | 1 | return book | 8/4/2024 1800","lastModifiedDate":"2024-04-08","isFullCredit":false},{"lineNumber":8,"author":{"gitId":"JiaXingVV"},"content":"D | 1 | return book | 1/4/2024 1800","lastModifiedDate":"2024-04-08","isFullCredit":false},{"lineNumber":9,"author":{"gitId":"JiaXingVV"},"content":"D | 1 | return book | 2/4/2024 1800","lastModifiedDate":"2024-04-08","isFullCredit":false}],"authorContributionMap":{"JiaXingVV":9}},{"path":"src/main/java/Friday.java","fileType":"java","lines":[{"lineNumber":1,"author":{"gitId":"JiaXingVV"},"content":"import java.util.Scanner;","lastModifiedDate":"2024-03-05","isFullCredit":false},{"lineNumber":2,"author":{"gitId":"JiaXingVV"},"content":"import java.util.ArrayList;","lastModifiedDate":"2024-03-05","isFullCredit":false},{"lineNumber":3,"author":{"gitId":"JiaXingVV"},"content":"import java.util.List;","lastModifiedDate":"2024-03-05","isFullCredit":false},{"lineNumber":4,"author":{"gitId":"JiaXingVV"},"content":"import java.io.*;","lastModifiedDate":"2024-03-26","isFullCredit":false},{"lineNumber":5,"author":{"gitId":"JiaXingVV"},"content":"import java.time.LocalDateTime;","lastModifiedDate":"2024-04-01","isFullCredit":false},{"lineNumber":6,"author":{"gitId":"JiaXingVV"},"content":"import java.time.format.DateTimeFormatter;","lastModifiedDate":"2024-04-01","isFullCredit":false},{"lineNumber":7,"author":{"gitId":"JiaXingVV"},"content":"import java.time.format.DateTimeParseException;","lastModifiedDate":"2024-04-01","isFullCredit":false},{"lineNumber":8,"author":{"gitId":"JiaXingVV"},"content":"","lastModifiedDate":"2024-03-05","isFullCredit":false},{"lineNumber":9,"author":{"gitId":"JiaXingVV"},"content":"class Task {","lastModifiedDate":"2024-03-05","isFullCredit":false},{"lineNumber":10,"author":{"gitId":"JiaXingVV"},"content":"    protected String description;","lastModifiedDate":"2024-03-05","isFullCredit":false},{"lineNumber":11,"author":{"gitId":"JiaXingVV"},"content":"    protected boolean isDone;","lastModifiedDate":"2024-03-05","isFullCredit":false},{"lineNumber":12,"author":{"gitId":"JiaXingVV"},"content":"","lastModifiedDate":"2024-03-05","isFullCredit":false},{"lineNumber":13,"author":{"gitId":"JiaXingVV"},"content":"    public Task(String description) {","lastModifiedDate":"2024-03-05","isFullCredit":false},{"lineNumber":14,"author":{"gitId":"JiaXingVV"},"content":"        this.description \u003d description;","lastModifiedDate":"2024-03-05","isFullCredit":false},{"lineNumber":15,"author":{"gitId":"JiaXingVV"},"content":"        this.isDone \u003d false;","lastModifiedDate":"2024-03-05","isFullCredit":false},{"lineNumber":16,"author":{"gitId":"JiaXingVV"},"content":"    }","lastModifiedDate":"2024-03-05","isFullCredit":false},{"lineNumber":17,"author":{"gitId":"JiaXingVV"},"content":"","lastModifiedDate":"2024-03-05","isFullCredit":false},{"lineNumber":18,"author":{"gitId":"JiaXingVV"},"content":"    public void markAsDone() {","lastModifiedDate":"2024-03-05","isFullCredit":false},{"lineNumber":19,"author":{"gitId":"JiaXingVV"},"content":"        this.isDone \u003d true;","lastModifiedDate":"2024-03-05","isFullCredit":false},{"lineNumber":20,"author":{"gitId":"JiaXingVV"},"content":"    }","lastModifiedDate":"2024-03-05","isFullCredit":false},{"lineNumber":21,"author":{"gitId":"JiaXingVV"},"content":"","lastModifiedDate":"2024-03-05","isFullCredit":false},{"lineNumber":22,"author":{"gitId":"JiaXingVV"},"content":"    public void markAsNotDone() {","lastModifiedDate":"2024-03-05","isFullCredit":false},{"lineNumber":23,"author":{"gitId":"JiaXingVV"},"content":"        this.isDone \u003d false;","lastModifiedDate":"2024-03-05","isFullCredit":false},{"lineNumber":24,"author":{"gitId":"JiaXingVV"},"content":"    }","lastModifiedDate":"2024-03-05","isFullCredit":false},{"lineNumber":25,"author":{"gitId":"JiaXingVV"},"content":"","lastModifiedDate":"2024-03-05","isFullCredit":false},{"lineNumber":26,"author":{"gitId":"JiaXingVV"},"content":"    public String getStatusIcon() {","lastModifiedDate":"2024-03-05","isFullCredit":false},{"lineNumber":27,"author":{"gitId":"JiaXingVV"},"content":"        return (isDone ? \"[X]\" : \"[ ]\");","lastModifiedDate":"2024-03-05","isFullCredit":false},{"lineNumber":28,"author":{"gitId":"JiaXingVV"},"content":"    }","lastModifiedDate":"2024-03-05","isFullCredit":false},{"lineNumber":29,"author":{"gitId":"JiaXingVV"},"content":"","lastModifiedDate":"2024-03-05","isFullCredit":false},{"lineNumber":30,"author":{"gitId":"JiaXingVV"},"content":"    @Override","lastModifiedDate":"2024-03-05","isFullCredit":false},{"lineNumber":31,"author":{"gitId":"JiaXingVV"},"content":"    public String toString() {","lastModifiedDate":"2024-03-05","isFullCredit":false},{"lineNumber":32,"author":{"gitId":"JiaXingVV"},"content":"        return getStatusIcon() + \" \" + description;","lastModifiedDate":"2024-03-05","isFullCredit":false},{"lineNumber":33,"author":{"gitId":"JiaXingVV"},"content":"    }","lastModifiedDate":"2024-03-05","isFullCredit":false},{"lineNumber":34,"author":{"gitId":"JiaXingVV"},"content":"}","lastModifiedDate":"2024-03-05","isFullCredit":false},{"lineNumber":35,"author":{"gitId":"JiaXingVV"},"content":"class Todo extends Task {","lastModifiedDate":"2024-03-05","isFullCredit":false},{"lineNumber":36,"author":{"gitId":"JiaXingVV"},"content":"    public Todo(String description) {","lastModifiedDate":"2024-03-05","isFullCredit":false},{"lineNumber":37,"author":{"gitId":"JiaXingVV"},"content":"        super(description);","lastModifiedDate":"2024-03-05","isFullCredit":false},{"lineNumber":38,"author":{"gitId":"JiaXingVV"},"content":"    }","lastModifiedDate":"2024-03-05","isFullCredit":false},{"lineNumber":39,"author":{"gitId":"JiaXingVV"},"content":"","lastModifiedDate":"2024-03-05","isFullCredit":false},{"lineNumber":40,"author":{"gitId":"JiaXingVV"},"content":"    @Override","lastModifiedDate":"2024-03-05","isFullCredit":false},{"lineNumber":41,"author":{"gitId":"JiaXingVV"},"content":"    public String toString() {","lastModifiedDate":"2024-03-05","isFullCredit":false},{"lineNumber":42,"author":{"gitId":"JiaXingVV"},"content":"        return \"[T]\" + super.toString();","lastModifiedDate":"2024-03-05","isFullCredit":false},{"lineNumber":43,"author":{"gitId":"JiaXingVV"},"content":"    }","lastModifiedDate":"2024-03-05","isFullCredit":false},{"lineNumber":44,"author":{"gitId":"JiaXingVV"},"content":"}","lastModifiedDate":"2024-03-05","isFullCredit":false},{"lineNumber":45,"author":{"gitId":"JiaXingVV"},"content":"class Deadline extends Task {","lastModifiedDate":"2024-03-05","isFullCredit":false},{"lineNumber":46,"author":{"gitId":"JiaXingVV"},"content":"    protected LocalDateTime by;","lastModifiedDate":"2024-04-01","isFullCredit":false},{"lineNumber":47,"author":{"gitId":"JiaXingVV"},"content":"","lastModifiedDate":"2024-03-05","isFullCredit":false},{"lineNumber":48,"author":{"gitId":"JiaXingVV"},"content":"    public Deadline(String description, String by) {","lastModifiedDate":"2024-03-05","isFullCredit":false},{"lineNumber":49,"author":{"gitId":"JiaXingVV"},"content":"        super(description);","lastModifiedDate":"2024-03-05","isFullCredit":false},{"lineNumber":50,"author":{"gitId":"JiaXingVV"},"content":"        this.by \u003d parseDateTime(by);","lastModifiedDate":"2024-04-01","isFullCredit":false},{"lineNumber":51,"author":{"gitId":"JiaXingVV"},"content":"    }","lastModifiedDate":"2024-04-01","isFullCredit":false},{"lineNumber":52,"author":{"gitId":"JiaXingVV"},"content":"","lastModifiedDate":"2024-04-01","isFullCredit":false},{"lineNumber":53,"author":{"gitId":"JiaXingVV"},"content":"    private LocalDateTime parseDateTime(String by) {","lastModifiedDate":"2024-04-01","isFullCredit":false},{"lineNumber":54,"author":{"gitId":"JiaXingVV"},"content":"        try {","lastModifiedDate":"2024-04-01","isFullCredit":false},{"lineNumber":55,"author":{"gitId":"JiaXingVV"},"content":"            DateTimeFormatter formatter \u003d DateTimeFormatter.ofPattern(\"d/M/yyyy HHmm\");","lastModifiedDate":"2024-04-01","isFullCredit":false},{"lineNumber":56,"author":{"gitId":"JiaXingVV"},"content":"            return LocalDateTime.parse(by, formatter);","lastModifiedDate":"2024-04-01","isFullCredit":false},{"lineNumber":57,"author":{"gitId":"JiaXingVV"},"content":"        } catch (DateTimeParseException e) {","lastModifiedDate":"2024-04-01","isFullCredit":false},{"lineNumber":58,"author":{"gitId":"JiaXingVV"},"content":"            throw new RuntimeException(\"Invalid date format. Please use: d/M/yyyy HHmm, e.g., 2/12/2019 1800\");","lastModifiedDate":"2024-04-01","isFullCredit":false},{"lineNumber":59,"author":{"gitId":"JiaXingVV"},"content":"        }","lastModifiedDate":"2024-04-01","isFullCredit":false},{"lineNumber":60,"author":{"gitId":"JiaXingVV"},"content":"    }","lastModifiedDate":"2024-03-05","isFullCredit":false},{"lineNumber":61,"author":{"gitId":"JiaXingVV"},"content":"","lastModifiedDate":"2024-03-05","isFullCredit":false},{"lineNumber":62,"author":{"gitId":"JiaXingVV"},"content":"    @Override","lastModifiedDate":"2024-03-05","isFullCredit":false},{"lineNumber":63,"author":{"gitId":"JiaXingVV"},"content":"    public String toString() {","lastModifiedDate":"2024-03-05","isFullCredit":false},{"lineNumber":64,"author":{"gitId":"JiaXingVV"},"content":"        return \"[D]\" + super.toString() + \" (by: \" + by.format(DateTimeFormatter.ofPattern(\"MMM d yyyy, h:mm a\")) + \")\";","lastModifiedDate":"2024-04-01","isFullCredit":false},{"lineNumber":65,"author":{"gitId":"JiaXingVV"},"content":"    }","lastModifiedDate":"2024-03-05","isFullCredit":false},{"lineNumber":66,"author":{"gitId":"JiaXingVV"},"content":"}","lastModifiedDate":"2024-03-05","isFullCredit":false},{"lineNumber":67,"author":{"gitId":"JiaXingVV"},"content":"class Event extends Task {","lastModifiedDate":"2024-03-05","isFullCredit":false},{"lineNumber":68,"author":{"gitId":"JiaXingVV"},"content":"    protected LocalDateTime from;","lastModifiedDate":"2024-04-08","isFullCredit":false},{"lineNumber":69,"author":{"gitId":"JiaXingVV"},"content":"    protected LocalDateTime to;","lastModifiedDate":"2024-04-08","isFullCredit":false},{"lineNumber":70,"author":{"gitId":"JiaXingVV"},"content":"","lastModifiedDate":"2024-03-05","isFullCredit":false},{"lineNumber":71,"author":{"gitId":"JiaXingVV"},"content":"    public Event(String description, String from, String to) {","lastModifiedDate":"2024-03-05","isFullCredit":false},{"lineNumber":72,"author":{"gitId":"JiaXingVV"},"content":"        super(description);","lastModifiedDate":"2024-03-05","isFullCredit":false},{"lineNumber":73,"author":{"gitId":"JiaXingVV"},"content":"        this.from \u003d LocalDateTime.parse(from, DateTimeFormatter.ofPattern(\"d/M/yyyy HHmm\"));","lastModifiedDate":"2024-04-08","isFullCredit":false},{"lineNumber":74,"author":{"gitId":"JiaXingVV"},"content":"        this.to \u003d LocalDateTime.parse(to, DateTimeFormatter.ofPattern(\"d/M/yyyy HHmm\"));","lastModifiedDate":"2024-04-08","isFullCredit":false},{"lineNumber":75,"author":{"gitId":"JiaXingVV"},"content":"    }","lastModifiedDate":"2024-03-05","isFullCredit":false},{"lineNumber":76,"author":{"gitId":"JiaXingVV"},"content":"","lastModifiedDate":"2024-03-05","isFullCredit":false},{"lineNumber":77,"author":{"gitId":"JiaXingVV"},"content":"    @Override","lastModifiedDate":"2024-03-05","isFullCredit":false},{"lineNumber":78,"author":{"gitId":"JiaXingVV"},"content":"    public String toString() {","lastModifiedDate":"2024-03-05","isFullCredit":false},{"lineNumber":79,"author":{"gitId":"JiaXingVV"},"content":"        return \"[E]\" + super.toString() + \" (from: \" + from.format(DateTimeFormatter.ofPattern(\"MMM d yyyy, h:mm a\"))","lastModifiedDate":"2024-04-08","isFullCredit":false},{"lineNumber":80,"author":{"gitId":"JiaXingVV"},"content":"                + \" to: \" + to.format(DateTimeFormatter.ofPattern(\"MMM d yyyy, h:mm a\")) + \")\";","lastModifiedDate":"2024-04-08","isFullCredit":false},{"lineNumber":81,"author":{"gitId":"JiaXingVV"},"content":"    }","lastModifiedDate":"2024-03-05","isFullCredit":false},{"lineNumber":82,"author":{"gitId":"JiaXingVV"},"content":"}","lastModifiedDate":"2024-03-05","isFullCredit":false},{"lineNumber":83,"author":{"gitId":"JiaXingVV"},"content":"","lastModifiedDate":"2024-04-08","isFullCredit":false},{"lineNumber":84,"author":{"gitId":"JiaXingVV"},"content":"class DukeException extends Exception {","lastModifiedDate":"2024-03-05","isFullCredit":false},{"lineNumber":85,"author":{"gitId":"JiaXingVV"},"content":"    public DukeException(String message) {","lastModifiedDate":"2024-03-05","isFullCredit":false},{"lineNumber":86,"author":{"gitId":"JiaXingVV"},"content":"        super(message);","lastModifiedDate":"2024-03-05","isFullCredit":false},{"lineNumber":87,"author":{"gitId":"JiaXingVV"},"content":"    }","lastModifiedDate":"2024-03-05","isFullCredit":false},{"lineNumber":88,"author":{"gitId":"JiaXingVV"},"content":"}","lastModifiedDate":"2024-03-05","isFullCredit":false},{"lineNumber":89,"author":{"gitId":"JiaXingVV"},"content":"","lastModifiedDate":"2024-03-05","isFullCredit":false},{"lineNumber":90,"author":{"gitId":"JiaXingVV"},"content":"","lastModifiedDate":"2024-03-05","isFullCredit":false},{"lineNumber":91,"author":{"gitId":"JiaXingVV"},"content":"public class Friday {","lastModifiedDate":"2024-03-05","isFullCredit":false},{"lineNumber":92,"author":{"gitId":"JiaXingVV"},"content":"","lastModifiedDate":"2024-03-26","isFullCredit":false},{"lineNumber":93,"author":{"gitId":"JiaXingVV"},"content":"    private static final String FILE_PATH \u003d \"./data/duke.txt\";","lastModifiedDate":"2024-03-26","isFullCredit":false},{"lineNumber":94,"author":{"gitId":"JiaXingVV"},"content":"    private static List\u003cTask\u003e tasks \u003d new ArrayList\u003c\u003e();","lastModifiedDate":"2024-03-26","isFullCredit":false},{"lineNumber":95,"author":{"gitId":"JiaXingVV"},"content":"    public static void main(String[] args){","lastModifiedDate":"2024-03-05","isFullCredit":false},{"lineNumber":96,"author":{"gitId":"JiaXingVV"},"content":"        Scanner scanner \u003d new Scanner(System.in);","lastModifiedDate":"2024-03-05","isFullCredit":false},{"lineNumber":97,"author":{"gitId":"JiaXingVV"},"content":"","lastModifiedDate":"2024-03-26","isFullCredit":false},{"lineNumber":98,"author":{"gitId":"JiaXingVV"},"content":"        loadTasks();","lastModifiedDate":"2024-03-26","isFullCredit":false},{"lineNumber":99,"author":{"gitId":"JiaXingVV"},"content":"","lastModifiedDate":"2024-03-05","isFullCredit":false},{"lineNumber":100,"author":{"gitId":"JiaXingVV"},"content":"        System.out.println(\"____________________________________________________________\");","lastModifiedDate":"2024-03-05","isFullCredit":false},{"lineNumber":101,"author":{"gitId":"JiaXingVV"},"content":"        System.out.println(\"Hello! I\u0027m Friday\");","lastModifiedDate":"2024-03-05","isFullCredit":false},{"lineNumber":102,"author":{"gitId":"JiaXingVV"},"content":"        System.out.println(\"What can I do for you?\");","lastModifiedDate":"2024-03-05","isFullCredit":false},{"lineNumber":103,"author":{"gitId":"JiaXingVV"},"content":"        System.out.println(\"____________________________________________________________\");","lastModifiedDate":"2024-03-05","isFullCredit":false},{"lineNumber":104,"author":{"gitId":"JiaXingVV"},"content":"        System.out.println(\"\\n\");","lastModifiedDate":"2024-03-05","isFullCredit":false},{"lineNumber":105,"author":{"gitId":"JiaXingVV"},"content":"","lastModifiedDate":"2024-03-05","isFullCredit":false},{"lineNumber":106,"author":{"gitId":"JiaXingVV"},"content":"        while (true) {","lastModifiedDate":"2024-03-05","isFullCredit":false},{"lineNumber":107,"author":{"gitId":"JiaXingVV"},"content":"            String command \u003d scanner.nextLine();","lastModifiedDate":"2024-03-05","isFullCredit":false},{"lineNumber":108,"author":{"gitId":"JiaXingVV"},"content":"            System.out.println(\"____________________________________________________________\");","lastModifiedDate":"2024-03-05","isFullCredit":false},{"lineNumber":109,"author":{"gitId":"JiaXingVV"},"content":"","lastModifiedDate":"2024-03-05","isFullCredit":false},{"lineNumber":110,"author":{"gitId":"JiaXingVV"},"content":"            if (command.equalsIgnoreCase(\"bye\")) {","lastModifiedDate":"2024-03-05","isFullCredit":false},{"lineNumber":111,"author":{"gitId":"JiaXingVV"},"content":"                System.out.println(\"Bye. Hope to see you again soon!\");","lastModifiedDate":"2024-03-05","isFullCredit":false},{"lineNumber":112,"author":{"gitId":"JiaXingVV"},"content":"                break;","lastModifiedDate":"2024-03-05","isFullCredit":false},{"lineNumber":113,"author":{"gitId":"JiaXingVV"},"content":"            } ","lastModifiedDate":"2024-03-26","isFullCredit":false},{"lineNumber":114,"author":{"gitId":"JiaXingVV"},"content":"            else if (command.equalsIgnoreCase(\"list\")) {","lastModifiedDate":"2024-03-26","isFullCredit":false},{"lineNumber":115,"author":{"gitId":"JiaXingVV"},"content":"                if (tasks.isEmpty()) {","lastModifiedDate":"2024-03-05","isFullCredit":false},{"lineNumber":116,"author":{"gitId":"JiaXingVV"},"content":"                    System.out.println(\"No tasks added yet.\");","lastModifiedDate":"2024-03-05","isFullCredit":false},{"lineNumber":117,"author":{"gitId":"JiaXingVV"},"content":"                    System.out.println(\"\\n\");","lastModifiedDate":"2024-03-05","isFullCredit":false},{"lineNumber":118,"author":{"gitId":"JiaXingVV"},"content":"                } else {","lastModifiedDate":"2024-03-05","isFullCredit":false},{"lineNumber":119,"author":{"gitId":"JiaXingVV"},"content":"                    System.out.println(\"Here are the tasks in your list:\");","lastModifiedDate":"2024-03-05","isFullCredit":false},{"lineNumber":120,"author":{"gitId":"JiaXingVV"},"content":"                    for (int i \u003d 0; i \u003c tasks.size(); i++) {","lastModifiedDate":"2024-03-05","isFullCredit":false},{"lineNumber":121,"author":{"gitId":"JiaXingVV"},"content":"                        System.out.println((i + 1) + \".\" + tasks.get(i));","lastModifiedDate":"2024-03-05","isFullCredit":false},{"lineNumber":122,"author":{"gitId":"JiaXingVV"},"content":"                    }","lastModifiedDate":"2024-03-05","isFullCredit":false},{"lineNumber":123,"author":{"gitId":"JiaXingVV"},"content":"                    System.out.println(\"\\n\");","lastModifiedDate":"2024-03-05","isFullCredit":false},{"lineNumber":124,"author":{"gitId":"JiaXingVV"},"content":"                }","lastModifiedDate":"2024-03-05","isFullCredit":false},{"lineNumber":125,"author":{"gitId":"JiaXingVV"},"content":"            }","lastModifiedDate":"2024-03-26","isFullCredit":false},{"lineNumber":126,"author":{"gitId":"JiaXingVV"},"content":"            else if (command.startsWith(\"find \")) {","lastModifiedDate":"2024-04-08","isFullCredit":false},{"lineNumber":127,"author":{"gitId":"JiaXingVV"},"content":"                String keyword \u003d command.substring(5).trim();","lastModifiedDate":"2024-04-08","isFullCredit":false},{"lineNumber":128,"author":{"gitId":"JiaXingVV"},"content":"                List\u003cTask\u003e foundTasks \u003d new ArrayList\u003c\u003e();","lastModifiedDate":"2024-04-08","isFullCredit":false},{"lineNumber":129,"author":{"gitId":"JiaXingVV"},"content":"                for (Task task : tasks) {","lastModifiedDate":"2024-04-08","isFullCredit":false},{"lineNumber":130,"author":{"gitId":"JiaXingVV"},"content":"                    if (task.description.contains(keyword)) {","lastModifiedDate":"2024-04-08","isFullCredit":false},{"lineNumber":131,"author":{"gitId":"JiaXingVV"},"content":"                        foundTasks.add(task);","lastModifiedDate":"2024-04-08","isFullCredit":false},{"lineNumber":132,"author":{"gitId":"JiaXingVV"},"content":"                    }","lastModifiedDate":"2024-04-08","isFullCredit":false},{"lineNumber":133,"author":{"gitId":"JiaXingVV"},"content":"                }","lastModifiedDate":"2024-04-08","isFullCredit":false},{"lineNumber":134,"author":{"gitId":"JiaXingVV"},"content":"                if (foundTasks.isEmpty()) {","lastModifiedDate":"2024-04-08","isFullCredit":false},{"lineNumber":135,"author":{"gitId":"JiaXingVV"},"content":"                    System.out.println(\"No matching tasks found.\");","lastModifiedDate":"2024-04-08","isFullCredit":false},{"lineNumber":136,"author":{"gitId":"JiaXingVV"},"content":"                } else {","lastModifiedDate":"2024-04-08","isFullCredit":false},{"lineNumber":137,"author":{"gitId":"JiaXingVV"},"content":"                    System.out.println(\"Here are the matching tasks in your list:\");","lastModifiedDate":"2024-04-08","isFullCredit":false},{"lineNumber":138,"author":{"gitId":"JiaXingVV"},"content":"                    for (int i \u003d 0; i \u003c foundTasks.size(); i++) {","lastModifiedDate":"2024-04-08","isFullCredit":false},{"lineNumber":139,"author":{"gitId":"JiaXingVV"},"content":"                        System.out.println((i + 1) + \". \" + foundTasks.get(i));","lastModifiedDate":"2024-04-08","isFullCredit":false},{"lineNumber":140,"author":{"gitId":"JiaXingVV"},"content":"                    }","lastModifiedDate":"2024-04-08","isFullCredit":false},{"lineNumber":141,"author":{"gitId":"JiaXingVV"},"content":"                }","lastModifiedDate":"2024-04-08","isFullCredit":false},{"lineNumber":142,"author":{"gitId":"JiaXingVV"},"content":"                System.out.println(\"\\n\");","lastModifiedDate":"2024-04-08","isFullCredit":false},{"lineNumber":143,"author":{"gitId":"JiaXingVV"},"content":"            }","lastModifiedDate":"2024-04-08","isFullCredit":false},{"lineNumber":144,"author":{"gitId":"JiaXingVV"},"content":"            else if (command.equalsIgnoreCase(\"stats\")) {","lastModifiedDate":"2024-04-08","isFullCredit":false},{"lineNumber":145,"author":{"gitId":"JiaXingVV"},"content":"                showStatistics();","lastModifiedDate":"2024-04-08","isFullCredit":false},{"lineNumber":146,"author":{"gitId":"JiaXingVV"},"content":"            }","lastModifiedDate":"2024-04-08","isFullCredit":false},{"lineNumber":147,"author":{"gitId":"JiaXingVV"},"content":"            else {","lastModifiedDate":"2024-03-26","isFullCredit":false},{"lineNumber":148,"author":{"gitId":"JiaXingVV"},"content":"                try {","lastModifiedDate":"2024-03-05","isFullCredit":false},{"lineNumber":149,"author":{"gitId":"JiaXingVV"},"content":"                    String[] commandParts \u003d command.split(\" \", 2);","lastModifiedDate":"2024-03-05","isFullCredit":false},{"lineNumber":150,"author":{"gitId":"JiaXingVV"},"content":"                    String taskType \u003d commandParts[0].toLowerCase();","lastModifiedDate":"2024-03-05","isFullCredit":false},{"lineNumber":151,"author":{"gitId":"JiaXingVV"},"content":"                    String taskDescription \u003d commandParts.length \u003e 1 ? commandParts[1] : \"\";","lastModifiedDate":"2024-03-05","isFullCredit":false},{"lineNumber":152,"author":{"gitId":"JiaXingVV"},"content":"","lastModifiedDate":"2024-03-05","isFullCredit":false},{"lineNumber":153,"author":{"gitId":"JiaXingVV"},"content":"                    switch (taskType) {","lastModifiedDate":"2024-03-05","isFullCredit":false},{"lineNumber":154,"author":{"gitId":"JiaXingVV"},"content":"                        case \"mark\":","lastModifiedDate":"2024-03-05","isFullCredit":false},{"lineNumber":155,"author":{"gitId":"JiaXingVV"},"content":"                            int markIndex \u003d Integer.parseInt(taskDescription) - 1;","lastModifiedDate":"2024-03-05","isFullCredit":false},{"lineNumber":156,"author":{"gitId":"JiaXingVV"},"content":"                            if (markIndex \u003e\u003d 0 \u0026\u0026 markIndex \u003c tasks.size()) {","lastModifiedDate":"2024-03-05","isFullCredit":false},{"lineNumber":157,"author":{"gitId":"JiaXingVV"},"content":"                                tasks.get(markIndex).markAsDone();","lastModifiedDate":"2024-03-05","isFullCredit":false},{"lineNumber":158,"author":{"gitId":"JiaXingVV"},"content":"                                System.out.println(\"Nice! I\u0027ve marked this task as done:\");","lastModifiedDate":"2024-03-05","isFullCredit":false},{"lineNumber":159,"author":{"gitId":"JiaXingVV"},"content":"                                System.out.println(\"  \" + tasks.get(markIndex));","lastModifiedDate":"2024-03-05","isFullCredit":false},{"lineNumber":160,"author":{"gitId":"JiaXingVV"},"content":"                                System.out.println(\"\\n\");","lastModifiedDate":"2024-03-05","isFullCredit":false},{"lineNumber":161,"author":{"gitId":"JiaXingVV"},"content":"                            } else {","lastModifiedDate":"2024-03-05","isFullCredit":false},{"lineNumber":162,"author":{"gitId":"JiaXingVV"},"content":"                                throw new DukeException(\"Invalid task index.\");","lastModifiedDate":"2024-03-05","isFullCredit":false},{"lineNumber":163,"author":{"gitId":"JiaXingVV"},"content":"                            }","lastModifiedDate":"2024-03-05","isFullCredit":false},{"lineNumber":164,"author":{"gitId":"JiaXingVV"},"content":"                            break;","lastModifiedDate":"2024-03-05","isFullCredit":false},{"lineNumber":165,"author":{"gitId":"JiaXingVV"},"content":"                        case \"unmark\":","lastModifiedDate":"2024-03-05","isFullCredit":false},{"lineNumber":166,"author":{"gitId":"JiaXingVV"},"content":"                            int unmarkIndex \u003d Integer.parseInt(taskDescription) - 1;","lastModifiedDate":"2024-03-05","isFullCredit":false},{"lineNumber":167,"author":{"gitId":"JiaXingVV"},"content":"                            if (unmarkIndex \u003e\u003d 0 \u0026\u0026 unmarkIndex \u003c tasks.size()) {","lastModifiedDate":"2024-03-05","isFullCredit":false},{"lineNumber":168,"author":{"gitId":"JiaXingVV"},"content":"                                tasks.get(unmarkIndex).markAsNotDone();","lastModifiedDate":"2024-03-05","isFullCredit":false},{"lineNumber":169,"author":{"gitId":"JiaXingVV"},"content":"                                System.out.println(\"OK, I\u0027ve marked this task as not done yet:\");","lastModifiedDate":"2024-03-05","isFullCredit":false},{"lineNumber":170,"author":{"gitId":"JiaXingVV"},"content":"                                System.out.println(\"  \" + tasks.get(unmarkIndex));","lastModifiedDate":"2024-03-05","isFullCredit":false},{"lineNumber":171,"author":{"gitId":"JiaXingVV"},"content":"                                System.out.println(\"\\n\");","lastModifiedDate":"2024-03-05","isFullCredit":false},{"lineNumber":172,"author":{"gitId":"JiaXingVV"},"content":"                            } else {","lastModifiedDate":"2024-03-05","isFullCredit":false},{"lineNumber":173,"author":{"gitId":"JiaXingVV"},"content":"                                throw new DukeException(\"Invalid task index.\");","lastModifiedDate":"2024-03-05","isFullCredit":false},{"lineNumber":174,"author":{"gitId":"JiaXingVV"},"content":"                            }","lastModifiedDate":"2024-03-05","isFullCredit":false},{"lineNumber":175,"author":{"gitId":"JiaXingVV"},"content":"                            break;","lastModifiedDate":"2024-03-05","isFullCredit":false},{"lineNumber":176,"author":{"gitId":"JiaXingVV"},"content":"                        case \"todo\":","lastModifiedDate":"2024-03-05","isFullCredit":false},{"lineNumber":177,"author":{"gitId":"JiaXingVV"},"content":"                            if (taskDescription.isEmpty()) {","lastModifiedDate":"2024-03-05","isFullCredit":false},{"lineNumber":178,"author":{"gitId":"JiaXingVV"},"content":"                                throw new DukeException(\"Please enter ToDo task.\");","lastModifiedDate":"2024-03-05","isFullCredit":false},{"lineNumber":179,"author":{"gitId":"JiaXingVV"},"content":"                            }","lastModifiedDate":"2024-03-05","isFullCredit":false},{"lineNumber":180,"author":{"gitId":"JiaXingVV"},"content":"                            Todo newTodo \u003d new Todo(taskDescription);","lastModifiedDate":"2024-04-08","isFullCredit":false},{"lineNumber":181,"author":{"gitId":"JiaXingVV"},"content":"                            if (!isDuplicate(newTodo)) {","lastModifiedDate":"2024-04-08","isFullCredit":false},{"lineNumber":182,"author":{"gitId":"JiaXingVV"},"content":"                                tasks.add(newTodo);","lastModifiedDate":"2024-04-08","isFullCredit":false},{"lineNumber":183,"author":{"gitId":"JiaXingVV"},"content":"                                System.out.println(\"Got it. I\u0027ve added this task:\");","lastModifiedDate":"2024-03-05","isFullCredit":false},{"lineNumber":184,"author":{"gitId":"JiaXingVV"},"content":"                                System.out.println(\"  \" + newTodo);","lastModifiedDate":"2024-04-08","isFullCredit":false},{"lineNumber":185,"author":{"gitId":"JiaXingVV"},"content":"                                System.out.println(\"Now you have \" + tasks.size() + \" tasks in the list.\");","lastModifiedDate":"2024-03-05","isFullCredit":false},{"lineNumber":186,"author":{"gitId":"JiaXingVV"},"content":"                            } else {","lastModifiedDate":"2024-04-08","isFullCredit":false},{"lineNumber":187,"author":{"gitId":"JiaXingVV"},"content":"                                System.out.println(\"This task is already in your list.\");","lastModifiedDate":"2024-04-08","isFullCredit":false},{"lineNumber":188,"author":{"gitId":"JiaXingVV"},"content":"                            }","lastModifiedDate":"2024-04-08","isFullCredit":false},{"lineNumber":189,"author":{"gitId":"JiaXingVV"},"content":"                            System.out.println(\"\\n\");","lastModifiedDate":"2024-03-05","isFullCredit":false},{"lineNumber":190,"author":{"gitId":"JiaXingVV"},"content":"                            break;","lastModifiedDate":"2024-03-05","isFullCredit":false},{"lineNumber":191,"author":{"gitId":"JiaXingVV"},"content":"                        case \"deadline\":","lastModifiedDate":"2024-03-05","isFullCredit":false},{"lineNumber":192,"author":{"gitId":"JiaXingVV"},"content":"                            String[] deadlineParts \u003d taskDescription.split(\"/by\", 2);","lastModifiedDate":"2024-03-05","isFullCredit":false},{"lineNumber":193,"author":{"gitId":"JiaXingVV"},"content":"                            if (deadlineParts.length \u003c 2) {","lastModifiedDate":"2024-03-05","isFullCredit":false},{"lineNumber":194,"author":{"gitId":"JiaXingVV"},"content":"                                throw new DukeException(\"Invalid deadline format. Please use: \" +","lastModifiedDate":"2024-03-05","isFullCredit":false},{"lineNumber":195,"author":{"gitId":"JiaXingVV"},"content":"                                        \"deadline \u003ctask\u003e /by \u003cdate\u003e\");","lastModifiedDate":"2024-03-05","isFullCredit":false},{"lineNumber":196,"author":{"gitId":"JiaXingVV"},"content":"                            }","lastModifiedDate":"2024-03-05","isFullCredit":false},{"lineNumber":197,"author":{"gitId":"JiaXingVV"},"content":"                            String deadlineDescription \u003d deadlineParts[0].trim();","lastModifiedDate":"2024-03-05","isFullCredit":false},{"lineNumber":198,"author":{"gitId":"JiaXingVV"},"content":"                            String by \u003d deadlineParts[1].trim();","lastModifiedDate":"2024-03-05","isFullCredit":false},{"lineNumber":199,"author":{"gitId":"JiaXingVV"},"content":"                            Deadline newDeadline \u003d new Deadline(deadlineDescription, by);","lastModifiedDate":"2024-04-08","isFullCredit":false},{"lineNumber":200,"author":{"gitId":"JiaXingVV"},"content":"                            if (!isDuplicate(newDeadline)) {","lastModifiedDate":"2024-04-08","isFullCredit":false},{"lineNumber":201,"author":{"gitId":"JiaXingVV"},"content":"                                tasks.add(newDeadline);","lastModifiedDate":"2024-04-08","isFullCredit":false},{"lineNumber":202,"author":{"gitId":"JiaXingVV"},"content":"                                System.out.println(\"Got it. I\u0027ve added this task:\");","lastModifiedDate":"2024-03-05","isFullCredit":false},{"lineNumber":203,"author":{"gitId":"JiaXingVV"},"content":"                                System.out.println(\"  \" + newDeadline);","lastModifiedDate":"2024-04-08","isFullCredit":false},{"lineNumber":204,"author":{"gitId":"JiaXingVV"},"content":"                                System.out.println(\"Now you have \" + tasks.size() + \" tasks in the list.\");","lastModifiedDate":"2024-03-05","isFullCredit":false},{"lineNumber":205,"author":{"gitId":"JiaXingVV"},"content":"                            } else {","lastModifiedDate":"2024-04-08","isFullCredit":false},{"lineNumber":206,"author":{"gitId":"JiaXingVV"},"content":"                                System.out.println(\"This deadline is already in your list.\");","lastModifiedDate":"2024-04-08","isFullCredit":false},{"lineNumber":207,"author":{"gitId":"JiaXingVV"},"content":"                            }","lastModifiedDate":"2024-04-08","isFullCredit":false},{"lineNumber":208,"author":{"gitId":"JiaXingVV"},"content":"                            System.out.println(\"\\n\");","lastModifiedDate":"2024-03-05","isFullCredit":false},{"lineNumber":209,"author":{"gitId":"JiaXingVV"},"content":"                            break;","lastModifiedDate":"2024-03-05","isFullCredit":false},{"lineNumber":210,"author":{"gitId":"JiaXingVV"},"content":"","lastModifiedDate":"2024-04-08","isFullCredit":false},{"lineNumber":211,"author":{"gitId":"JiaXingVV"},"content":"                        case \"event\":","lastModifiedDate":"2024-03-05","isFullCredit":false},{"lineNumber":212,"author":{"gitId":"JiaXingVV"},"content":"                            String[] eventParts \u003d taskDescription.split(\"/from\", 2);","lastModifiedDate":"2024-03-05","isFullCredit":false},{"lineNumber":213,"author":{"gitId":"JiaXingVV"},"content":"                            if (eventParts.length \u003c 2) {","lastModifiedDate":"2024-03-05","isFullCredit":false},{"lineNumber":214,"author":{"gitId":"JiaXingVV"},"content":"                                throw new DukeException(\"Invalid event format. Please use: \" +","lastModifiedDate":"2024-03-05","isFullCredit":false},{"lineNumber":215,"author":{"gitId":"JiaXingVV"},"content":"                                        \"event \u003ctask\u003e /from \u003cstart time\u003e /to \u003cend time\u003e\");","lastModifiedDate":"2024-03-05","isFullCredit":false},{"lineNumber":216,"author":{"gitId":"JiaXingVV"},"content":"                            }","lastModifiedDate":"2024-03-05","isFullCredit":false},{"lineNumber":217,"author":{"gitId":"JiaXingVV"},"content":"                            String eventDescription \u003d eventParts[0].trim();","lastModifiedDate":"2024-03-05","isFullCredit":false},{"lineNumber":218,"author":{"gitId":"JiaXingVV"},"content":"                            String[] eventTimeParts \u003d eventParts[1].trim().split(\"/to\", 2);","lastModifiedDate":"2024-03-05","isFullCredit":false},{"lineNumber":219,"author":{"gitId":"JiaXingVV"},"content":"                            if (eventTimeParts.length \u003c 2) {","lastModifiedDate":"2024-03-05","isFullCredit":false},{"lineNumber":220,"author":{"gitId":"JiaXingVV"},"content":"                                throw new DukeException(\"Invalid event format. Please use: \" +","lastModifiedDate":"2024-03-05","isFullCredit":false},{"lineNumber":221,"author":{"gitId":"JiaXingVV"},"content":"                                        \"event \u003ctask\u003e /from \u003cstart time\u003e /to \u003cend time\u003e\");","lastModifiedDate":"2024-03-05","isFullCredit":false},{"lineNumber":222,"author":{"gitId":"JiaXingVV"},"content":"                            }","lastModifiedDate":"2024-03-05","isFullCredit":false},{"lineNumber":223,"author":{"gitId":"JiaXingVV"},"content":"                            String from \u003d eventTimeParts[0].trim();","lastModifiedDate":"2024-03-05","isFullCredit":false},{"lineNumber":224,"author":{"gitId":"JiaXingVV"},"content":"                            String to \u003d eventTimeParts[1].trim();","lastModifiedDate":"2024-03-05","isFullCredit":false},{"lineNumber":225,"author":{"gitId":"JiaXingVV"},"content":"                            Event newEvent \u003d new Event(eventDescription, from, to);","lastModifiedDate":"2024-04-08","isFullCredit":false},{"lineNumber":226,"author":{"gitId":"JiaXingVV"},"content":"                            if (!isDuplicate(newEvent)) {","lastModifiedDate":"2024-04-08","isFullCredit":false},{"lineNumber":227,"author":{"gitId":"JiaXingVV"},"content":"                                tasks.add(newEvent);","lastModifiedDate":"2024-04-08","isFullCredit":false},{"lineNumber":228,"author":{"gitId":"JiaXingVV"},"content":"                                System.out.println(\"Got it. I\u0027ve added this event:\");","lastModifiedDate":"2024-04-08","isFullCredit":false},{"lineNumber":229,"author":{"gitId":"JiaXingVV"},"content":"                                System.out.println(\"  \" + newEvent);","lastModifiedDate":"2024-04-08","isFullCredit":false},{"lineNumber":230,"author":{"gitId":"JiaXingVV"},"content":"                                System.out.println(\"Now you have \" + tasks.size() + \" tasks in the list.\");","lastModifiedDate":"2024-03-05","isFullCredit":false},{"lineNumber":231,"author":{"gitId":"JiaXingVV"},"content":"                            } else {","lastModifiedDate":"2024-04-08","isFullCredit":false},{"lineNumber":232,"author":{"gitId":"JiaXingVV"},"content":"                                System.out.println(\"This event is already in your list.\");","lastModifiedDate":"2024-04-08","isFullCredit":false},{"lineNumber":233,"author":{"gitId":"JiaXingVV"},"content":"                            }","lastModifiedDate":"2024-04-08","isFullCredit":false},{"lineNumber":234,"author":{"gitId":"JiaXingVV"},"content":"                            System.out.println(\"\\n\");","lastModifiedDate":"2024-03-05","isFullCredit":false},{"lineNumber":235,"author":{"gitId":"JiaXingVV"},"content":"                            break;","lastModifiedDate":"2024-03-05","isFullCredit":false},{"lineNumber":236,"author":{"gitId":"JiaXingVV"},"content":"","lastModifiedDate":"2024-04-08","isFullCredit":false},{"lineNumber":237,"author":{"gitId":"JiaXingVV"},"content":"                        case \"delete\":","lastModifiedDate":"2024-03-05","isFullCredit":false},{"lineNumber":238,"author":{"gitId":"JiaXingVV"},"content":"                            int deleteIndex \u003d Integer.parseInt(taskDescription) - 1;","lastModifiedDate":"2024-03-05","isFullCredit":false},{"lineNumber":239,"author":{"gitId":"JiaXingVV"},"content":"                            if (deleteIndex \u003e\u003d 0 \u0026\u0026 deleteIndex \u003c tasks.size()) {","lastModifiedDate":"2024-03-05","isFullCredit":false},{"lineNumber":240,"author":{"gitId":"JiaXingVV"},"content":"                                Task deletedTask \u003d tasks.remove(deleteIndex);","lastModifiedDate":"2024-03-05","isFullCredit":false},{"lineNumber":241,"author":{"gitId":"JiaXingVV"},"content":"                                System.out.println(\"Noted. I\u0027ve removed this task:\");","lastModifiedDate":"2024-03-05","isFullCredit":false},{"lineNumber":242,"author":{"gitId":"JiaXingVV"},"content":"                                System.out.println(\"  \" + deletedTask);","lastModifiedDate":"2024-03-05","isFullCredit":false},{"lineNumber":243,"author":{"gitId":"JiaXingVV"},"content":"                                System.out.println(\"Now you have \" + tasks.size() + \" tasks in the list.\");","lastModifiedDate":"2024-03-05","isFullCredit":false},{"lineNumber":244,"author":{"gitId":"JiaXingVV"},"content":"                            } else {","lastModifiedDate":"2024-03-05","isFullCredit":false},{"lineNumber":245,"author":{"gitId":"JiaXingVV"},"content":"                                throw new DukeException(\"Invalid task index.\");","lastModifiedDate":"2024-03-05","isFullCredit":false},{"lineNumber":246,"author":{"gitId":"JiaXingVV"},"content":"                            }","lastModifiedDate":"2024-03-05","isFullCredit":false},{"lineNumber":247,"author":{"gitId":"JiaXingVV"},"content":"                            break;","lastModifiedDate":"2024-03-05","isFullCredit":false},{"lineNumber":248,"author":{"gitId":"JiaXingVV"},"content":"                        default:","lastModifiedDate":"2024-03-05","isFullCredit":false},{"lineNumber":249,"author":{"gitId":"JiaXingVV"},"content":"                            throw new DukeException(\"I\u0027m sorry, please give an invalid input:-(\");","lastModifiedDate":"2024-03-05","isFullCredit":false},{"lineNumber":250,"author":{"gitId":"JiaXingVV"},"content":"                    }","lastModifiedDate":"2024-03-05","isFullCredit":false},{"lineNumber":251,"author":{"gitId":"JiaXingVV"},"content":"                } catch (DukeException e) {","lastModifiedDate":"2024-03-05","isFullCredit":false},{"lineNumber":252,"author":{"gitId":"JiaXingVV"},"content":"                    System.out.println(\"OOPS!!! \" + e.getMessage());","lastModifiedDate":"2024-03-05","isFullCredit":false},{"lineNumber":253,"author":{"gitId":"JiaXingVV"},"content":"                } catch (NumberFormatException e) {","lastModifiedDate":"2024-03-05","isFullCredit":false},{"lineNumber":254,"author":{"gitId":"JiaXingVV"},"content":"                    System.out.println(\"OOPS!!! The task index must be a number.\");","lastModifiedDate":"2024-03-05","isFullCredit":false},{"lineNumber":255,"author":{"gitId":"JiaXingVV"},"content":"                    System.out.println(\"\\n\");","lastModifiedDate":"2024-03-05","isFullCredit":false},{"lineNumber":256,"author":{"gitId":"JiaXingVV"},"content":"                } catch (ArrayIndexOutOfBoundsException e) {","lastModifiedDate":"2024-03-05","isFullCredit":false},{"lineNumber":257,"author":{"gitId":"JiaXingVV"},"content":"                    System.out.println(\"OOPS!!! The task index is out of range.\");","lastModifiedDate":"2024-03-05","isFullCredit":false},{"lineNumber":258,"author":{"gitId":"JiaXingVV"},"content":"                    System.out.println(\"\\n\");","lastModifiedDate":"2024-03-05","isFullCredit":false},{"lineNumber":259,"author":{"gitId":"JiaXingVV"},"content":"                }","lastModifiedDate":"2024-03-05","isFullCredit":false},{"lineNumber":260,"author":{"gitId":"JiaXingVV"},"content":"            }","lastModifiedDate":"2024-03-05","isFullCredit":false},{"lineNumber":261,"author":{"gitId":"JiaXingVV"},"content":"            saveTasks();","lastModifiedDate":"2024-03-26","isFullCredit":false},{"lineNumber":262,"author":{"gitId":"JiaXingVV"},"content":"            System.out.println(\"____________________________________________________________\");","lastModifiedDate":"2024-03-05","isFullCredit":false},{"lineNumber":263,"author":{"gitId":"JiaXingVV"},"content":"        }","lastModifiedDate":"2024-03-05","isFullCredit":false},{"lineNumber":264,"author":{"gitId":"JiaXingVV"},"content":"    }","lastModifiedDate":"2024-03-05","isFullCredit":false},{"lineNumber":265,"author":{"gitId":"JiaXingVV"},"content":"    private static void loadTasks() {","lastModifiedDate":"2024-03-26","isFullCredit":false},{"lineNumber":266,"author":{"gitId":"JiaXingVV"},"content":"        File file \u003d new File(FILE_PATH);","lastModifiedDate":"2024-03-26","isFullCredit":false},{"lineNumber":267,"author":{"gitId":"JiaXingVV"},"content":"        try {","lastModifiedDate":"2024-03-26","isFullCredit":false},{"lineNumber":268,"author":{"gitId":"JiaXingVV"},"content":"            if (!file.exists()) {","lastModifiedDate":"2024-03-26","isFullCredit":false},{"lineNumber":269,"author":{"gitId":"JiaXingVV"},"content":"                file.getParentFile().mkdirs();","lastModifiedDate":"2024-03-26","isFullCredit":false},{"lineNumber":270,"author":{"gitId":"JiaXingVV"},"content":"                return;","lastModifiedDate":"2024-03-26","isFullCredit":false},{"lineNumber":271,"author":{"gitId":"JiaXingVV"},"content":"            }","lastModifiedDate":"2024-03-26","isFullCredit":false},{"lineNumber":272,"author":{"gitId":"JiaXingVV"},"content":"            Scanner scanner \u003d new Scanner(file);","lastModifiedDate":"2024-03-26","isFullCredit":false},{"lineNumber":273,"author":{"gitId":"JiaXingVV"},"content":"            while (scanner.hasNext()) {","lastModifiedDate":"2024-03-26","isFullCredit":false},{"lineNumber":274,"author":{"gitId":"JiaXingVV"},"content":"                String line \u003d scanner.nextLine();","lastModifiedDate":"2024-03-26","isFullCredit":false},{"lineNumber":275,"author":{"gitId":"JiaXingVV"},"content":"                String[] parts \u003d line.split(\" \\\\| \");","lastModifiedDate":"2024-03-26","isFullCredit":false},{"lineNumber":276,"author":{"gitId":"JiaXingVV"},"content":"                Task task \u003d null;","lastModifiedDate":"2024-03-26","isFullCredit":false},{"lineNumber":277,"author":{"gitId":"JiaXingVV"},"content":"                switch (parts[0]) {","lastModifiedDate":"2024-03-26","isFullCredit":false},{"lineNumber":278,"author":{"gitId":"JiaXingVV"},"content":"                    case \"T\":","lastModifiedDate":"2024-03-26","isFullCredit":false},{"lineNumber":279,"author":{"gitId":"JiaXingVV"},"content":"                        task \u003d new Todo(parts[2]);","lastModifiedDate":"2024-03-26","isFullCredit":false},{"lineNumber":280,"author":{"gitId":"JiaXingVV"},"content":"                        break;","lastModifiedDate":"2024-03-26","isFullCredit":false},{"lineNumber":281,"author":{"gitId":"JiaXingVV"},"content":"                    case \"D\":","lastModifiedDate":"2024-03-26","isFullCredit":false},{"lineNumber":282,"author":{"gitId":"JiaXingVV"},"content":"                        task \u003d new Deadline(parts[2], parts[3]);","lastModifiedDate":"2024-03-26","isFullCredit":false},{"lineNumber":283,"author":{"gitId":"JiaXingVV"},"content":"                        break;","lastModifiedDate":"2024-03-26","isFullCredit":false},{"lineNumber":284,"author":{"gitId":"JiaXingVV"},"content":"                    case \"E\":","lastModifiedDate":"2024-03-26","isFullCredit":false},{"lineNumber":285,"author":{"gitId":"JiaXingVV"},"content":"                        // Assuming Event class also uses LocalDateTime","lastModifiedDate":"2024-04-01","isFullCredit":false},{"lineNumber":286,"author":{"gitId":"JiaXingVV"},"content":"                        task \u003d new Event(parts[2], parts[3], parts[4]);","lastModifiedDate":"2024-03-26","isFullCredit":false},{"lineNumber":287,"author":{"gitId":"JiaXingVV"},"content":"                        break;","lastModifiedDate":"2024-03-26","isFullCredit":false},{"lineNumber":288,"author":{"gitId":"JiaXingVV"},"content":"                }","lastModifiedDate":"2024-03-26","isFullCredit":false},{"lineNumber":289,"author":{"gitId":"JiaXingVV"},"content":"                if (task !\u003d null) {","lastModifiedDate":"2024-03-26","isFullCredit":false},{"lineNumber":290,"author":{"gitId":"JiaXingVV"},"content":"                    if (parts[1].equals(\"1\")) {","lastModifiedDate":"2024-03-26","isFullCredit":false},{"lineNumber":291,"author":{"gitId":"JiaXingVV"},"content":"                        task.markAsDone();","lastModifiedDate":"2024-03-26","isFullCredit":false},{"lineNumber":292,"author":{"gitId":"JiaXingVV"},"content":"                    }","lastModifiedDate":"2024-03-26","isFullCredit":false},{"lineNumber":293,"author":{"gitId":"JiaXingVV"},"content":"                    tasks.add(task);","lastModifiedDate":"2024-03-26","isFullCredit":false},{"lineNumber":294,"author":{"gitId":"JiaXingVV"},"content":"                }","lastModifiedDate":"2024-03-26","isFullCredit":false},{"lineNumber":295,"author":{"gitId":"JiaXingVV"},"content":"            }","lastModifiedDate":"2024-03-26","isFullCredit":false},{"lineNumber":296,"author":{"gitId":"JiaXingVV"},"content":"        } catch (FileNotFoundException e) {","lastModifiedDate":"2024-03-26","isFullCredit":false},{"lineNumber":297,"author":{"gitId":"JiaXingVV"},"content":"            System.out.println(\"File not found. Starting with an empty task list.\");","lastModifiedDate":"2024-03-26","isFullCredit":false},{"lineNumber":298,"author":{"gitId":"JiaXingVV"},"content":"        }","lastModifiedDate":"2024-03-26","isFullCredit":false},{"lineNumber":299,"author":{"gitId":"JiaXingVV"},"content":"    }","lastModifiedDate":"2024-03-26","isFullCredit":false},{"lineNumber":300,"author":{"gitId":"JiaXingVV"},"content":"    ","lastModifiedDate":"2024-03-26","isFullCredit":false},{"lineNumber":301,"author":{"gitId":"JiaXingVV"},"content":"","lastModifiedDate":"2024-04-01","isFullCredit":false},{"lineNumber":302,"author":{"gitId":"JiaXingVV"},"content":"    private static void saveTasks() {","lastModifiedDate":"2024-03-26","isFullCredit":false},{"lineNumber":303,"author":{"gitId":"JiaXingVV"},"content":"        try {","lastModifiedDate":"2024-03-26","isFullCredit":false},{"lineNumber":304,"author":{"gitId":"JiaXingVV"},"content":"            PrintWriter writer \u003d new PrintWriter(FILE_PATH);","lastModifiedDate":"2024-03-26","isFullCredit":false},{"lineNumber":305,"author":{"gitId":"JiaXingVV"},"content":"            for (Task task : tasks) {","lastModifiedDate":"2024-03-26","isFullCredit":false},{"lineNumber":306,"author":{"gitId":"JiaXingVV"},"content":"                writer.println(taskToFileString(task));","lastModifiedDate":"2024-03-26","isFullCredit":false},{"lineNumber":307,"author":{"gitId":"JiaXingVV"},"content":"            }","lastModifiedDate":"2024-03-26","isFullCredit":false},{"lineNumber":308,"author":{"gitId":"JiaXingVV"},"content":"            writer.close();","lastModifiedDate":"2024-03-26","isFullCredit":false},{"lineNumber":309,"author":{"gitId":"JiaXingVV"},"content":"        } catch (FileNotFoundException e) {","lastModifiedDate":"2024-03-26","isFullCredit":false},{"lineNumber":310,"author":{"gitId":"JiaXingVV"},"content":"            System.out.println(\"Error saving tasks. Data file not found.\");","lastModifiedDate":"2024-03-26","isFullCredit":false},{"lineNumber":311,"author":{"gitId":"JiaXingVV"},"content":"        }","lastModifiedDate":"2024-03-26","isFullCredit":false},{"lineNumber":312,"author":{"gitId":"JiaXingVV"},"content":"    }","lastModifiedDate":"2024-03-26","isFullCredit":false},{"lineNumber":313,"author":{"gitId":"JiaXingVV"},"content":"","lastModifiedDate":"2024-03-26","isFullCredit":false},{"lineNumber":314,"author":{"gitId":"JiaXingVV"},"content":"    private static String taskToFileString(Task task) {","lastModifiedDate":"2024-03-26","isFullCredit":false},{"lineNumber":315,"author":{"gitId":"JiaXingVV"},"content":"        String type \u003d \"\";","lastModifiedDate":"2024-03-26","isFullCredit":false},{"lineNumber":316,"author":{"gitId":"JiaXingVV"},"content":"        String timeInfo \u003d \"\";","lastModifiedDate":"2024-03-26","isFullCredit":false},{"lineNumber":317,"author":{"gitId":"JiaXingVV"},"content":"    ","lastModifiedDate":"2024-03-26","isFullCredit":false},{"lineNumber":318,"author":{"gitId":"JiaXingVV"},"content":"        if (task instanceof Todo) {","lastModifiedDate":"2024-03-26","isFullCredit":false},{"lineNumber":319,"author":{"gitId":"JiaXingVV"},"content":"            type \u003d \"T\";","lastModifiedDate":"2024-03-26","isFullCredit":false},{"lineNumber":320,"author":{"gitId":"JiaXingVV"},"content":"        } else if (task instanceof Deadline) {","lastModifiedDate":"2024-03-26","isFullCredit":false},{"lineNumber":321,"author":{"gitId":"JiaXingVV"},"content":"            type \u003d \"D\";","lastModifiedDate":"2024-03-26","isFullCredit":false},{"lineNumber":322,"author":{"gitId":"JiaXingVV"},"content":"            timeInfo \u003d \" | \" + ((Deadline) task).by.format(DateTimeFormatter.ofPattern(\"d/M/yyyy HHmm\"));","lastModifiedDate":"2024-04-01","isFullCredit":false},{"lineNumber":323,"author":{"gitId":"JiaXingVV"},"content":"        } else if (task instanceof Event) {","lastModifiedDate":"2024-03-26","isFullCredit":false},{"lineNumber":324,"author":{"gitId":"JiaXingVV"},"content":"            // Assuming Event class also uses LocalDateTime","lastModifiedDate":"2024-04-01","isFullCredit":false},{"lineNumber":325,"author":{"gitId":"JiaXingVV"},"content":"            type \u003d \"E\";","lastModifiedDate":"2024-03-26","isFullCredit":false},{"lineNumber":326,"author":{"gitId":"JiaXingVV"},"content":"            timeInfo \u003d \" | \" + ((Event) task).from.format(DateTimeFormatter.ofPattern(\"d/M/yyyy HHmm\"))","lastModifiedDate":"2024-04-08","isFullCredit":false},{"lineNumber":327,"author":{"gitId":"JiaXingVV"},"content":"                    + \" | \" + ((Event) task).to.format(DateTimeFormatter.ofPattern(\"d/M/yyyy HHmm\"));","lastModifiedDate":"2024-04-08","isFullCredit":false},{"lineNumber":328,"author":{"gitId":"JiaXingVV"},"content":"","lastModifiedDate":"2024-04-08","isFullCredit":false},{"lineNumber":329,"author":{"gitId":"JiaXingVV"},"content":"","lastModifiedDate":"2024-04-08","isFullCredit":false},{"lineNumber":330,"author":{"gitId":"JiaXingVV"},"content":"        }","lastModifiedDate":"2024-03-26","isFullCredit":false},{"lineNumber":331,"author":{"gitId":"JiaXingVV"},"content":"    ","lastModifiedDate":"2024-03-26","isFullCredit":false},{"lineNumber":332,"author":{"gitId":"JiaXingVV"},"content":"        return type + \" | \" + (task.isDone ? \"1\" : \"0\") + \" | \" + task.description + timeInfo;","lastModifiedDate":"2024-03-26","isFullCredit":false},{"lineNumber":333,"author":{"gitId":"JiaXingVV"},"content":"    }","lastModifiedDate":"2024-03-26","isFullCredit":false},{"lineNumber":334,"author":{"gitId":"JiaXingVV"},"content":"    private static boolean isDuplicate(Task newTask) {","lastModifiedDate":"2024-04-08","isFullCredit":false},{"lineNumber":335,"author":{"gitId":"JiaXingVV"},"content":"        for (Task task : tasks) {","lastModifiedDate":"2024-04-08","isFullCredit":false},{"lineNumber":336,"author":{"gitId":"JiaXingVV"},"content":"            if (task.toString().equals(newTask.toString())) {","lastModifiedDate":"2024-04-08","isFullCredit":false},{"lineNumber":337,"author":{"gitId":"JiaXingVV"},"content":"                return true;","lastModifiedDate":"2024-04-08","isFullCredit":false},{"lineNumber":338,"author":{"gitId":"JiaXingVV"},"content":"            }","lastModifiedDate":"2024-04-08","isFullCredit":false},{"lineNumber":339,"author":{"gitId":"JiaXingVV"},"content":"        }","lastModifiedDate":"2024-03-05","isFullCredit":false},{"lineNumber":340,"author":{"gitId":"JiaXingVV"},"content":"        return false;","lastModifiedDate":"2024-04-08","isFullCredit":false},{"lineNumber":341,"author":{"gitId":"JiaXingVV"},"content":"    }","lastModifiedDate":"2024-04-08","isFullCredit":false},{"lineNumber":342,"author":{"gitId":"JiaXingVV"},"content":"    private static void showStatistics() {","lastModifiedDate":"2024-04-08","isFullCredit":false},{"lineNumber":343,"author":{"gitId":"JiaXingVV"},"content":"        // show the number of tasks that have been completed in the past week","lastModifiedDate":"2024-04-08","isFullCredit":false},{"lineNumber":344,"author":{"gitId":"JiaXingVV"},"content":"        LocalDateTime oneWeekAgo \u003d LocalDateTime.now().minusWeeks(1);","lastModifiedDate":"2024-04-08","isFullCredit":false},{"lineNumber":345,"author":{"gitId":"JiaXingVV"},"content":"        int completedTasksCount \u003d 0;","lastModifiedDate":"2024-04-08","isFullCredit":false},{"lineNumber":346,"author":{"gitId":"JiaXingVV"},"content":"        for (Task task : tasks) {","lastModifiedDate":"2024-04-08","isFullCredit":false},{"lineNumber":347,"author":{"gitId":"JiaXingVV"},"content":"            if (task.isDone \u0026\u0026 task instanceof Deadline) {","lastModifiedDate":"2024-04-08","isFullCredit":false},{"lineNumber":348,"author":{"gitId":"JiaXingVV"},"content":"                Deadline deadlineTask \u003d (Deadline) task;","lastModifiedDate":"2024-04-08","isFullCredit":false},{"lineNumber":349,"author":{"gitId":"JiaXingVV"},"content":"                if (deadlineTask.by.isAfter(oneWeekAgo)) {","lastModifiedDate":"2024-04-08","isFullCredit":false},{"lineNumber":350,"author":{"gitId":"JiaXingVV"},"content":"                    completedTasksCount++;","lastModifiedDate":"2024-04-08","isFullCredit":false},{"lineNumber":351,"author":{"gitId":"JiaXingVV"},"content":"                }","lastModifiedDate":"2024-04-08","isFullCredit":false},{"lineNumber":352,"author":{"gitId":"JiaXingVV"},"content":"            }","lastModifiedDate":"2024-04-08","isFullCredit":false},{"lineNumber":353,"author":{"gitId":"JiaXingVV"},"content":"        }","lastModifiedDate":"2024-04-08","isFullCredit":false},{"lineNumber":354,"author":{"gitId":"JiaXingVV"},"content":"        System.out.println(\"Number of tasks completed in the past week: \" + completedTasksCount);","lastModifiedDate":"2024-04-08","isFullCredit":false},{"lineNumber":355,"author":{"gitId":"JiaXingVV"},"content":"    }","lastModifiedDate":"2024-04-08","isFullCredit":false},{"lineNumber":356,"author":{"gitId":"JiaXingVV"},"content":"}","lastModifiedDate":"2024-04-08","isFullCredit":false},{"lineNumber":357,"author":{"gitId":"JiaXingVV"},"content":"","lastModifiedDate":"2024-04-08","isFullCredit":false}],"authorContributionMap":{"JiaXingVV":357}},{"path":"src/main/java/data/duke.txt","fileType":"txt","lines":[{"lineNumber":1,"author":{"gitId":"JiaXingVV"},"content":"T | 0 | read book","lastModifiedDate":"2024-04-01","isFullCredit":false},{"lineNumber":2,"author":{"gitId":"JiaXingVV"},"content":"E | 1 | project meeting | Mon 2pm | 4pm","lastModifiedDate":"2024-03-26","isFullCredit":false},{"lineNumber":3,"author":{"gitId":"JiaXingVV"},"content":"D | 0 | return book | 2/12/2019 1800","lastModifiedDate":"2024-04-01","isFullCredit":false},{"lineNumber":4,"author":{"gitId":"JiaXingVV"},"content":"D | 0 | return book | 30/4/2024 1200","lastModifiedDate":"2024-04-01","isFullCredit":false},{"lineNumber":5,"author":{"gitId":"JiaXingVV"},"content":"D | 0 | return book | 12/2/2024 1300","lastModifiedDate":"2024-04-01","isFullCredit":false}],"authorContributionMap":{"JiaXingVV":5}}]
