[{"path":"src/main/java/Deadline.java","fileType":"java","lines":[{"lineNumber":1,"author":{"gitId":"stanleysee12"},"content":"public class Deadline extends Task {","lastModifiedDate":"2024-03-11","isFullCredit":false},{"lineNumber":2,"author":{"gitId":"stanleysee12"},"content":"","lastModifiedDate":"2024-03-11","isFullCredit":false},{"lineNumber":3,"author":{"gitId":"stanleysee12"},"content":"    protected String by;","lastModifiedDate":"2024-03-11","isFullCredit":false},{"lineNumber":4,"author":{"gitId":"stanleysee12"},"content":"","lastModifiedDate":"2024-03-11","isFullCredit":false},{"lineNumber":5,"author":{"gitId":"stanleysee12"},"content":"    public Deadline(String description, String by) {","lastModifiedDate":"2024-03-11","isFullCredit":false},{"lineNumber":6,"author":{"gitId":"stanleysee12"},"content":"        super(description);","lastModifiedDate":"2024-03-11","isFullCredit":false},{"lineNumber":7,"author":{"gitId":"stanleysee12"},"content":"        this.by \u003d by;","lastModifiedDate":"2024-03-11","isFullCredit":false},{"lineNumber":8,"author":{"gitId":"stanleysee12"},"content":"    }","lastModifiedDate":"2024-03-11","isFullCredit":false},{"lineNumber":9,"author":{"gitId":"stanleysee12"},"content":"","lastModifiedDate":"2024-03-11","isFullCredit":false},{"lineNumber":10,"author":{"gitId":"stanleysee12"},"content":"    @Override","lastModifiedDate":"2024-03-11","isFullCredit":false},{"lineNumber":11,"author":{"gitId":"stanleysee12"},"content":"    public String toString() {","lastModifiedDate":"2024-03-11","isFullCredit":false},{"lineNumber":12,"author":{"gitId":"stanleysee12"},"content":"        return \"[D]\" + super.toString() + \" (by: \" + by + \")\";","lastModifiedDate":"2024-03-11","isFullCredit":false},{"lineNumber":13,"author":{"gitId":"stanleysee12"},"content":"    }","lastModifiedDate":"2024-03-11","isFullCredit":false},{"lineNumber":14,"author":{"gitId":"stanleysee12"},"content":"}","lastModifiedDate":"2024-03-11","isFullCredit":false}],"authorContributionMap":{"stanleysee12":14}},{"path":"src/main/java/Duke.java","fileType":"java","lines":[{"lineNumber":1,"author":{"gitId":"stanleysee12"},"content":"import java.util.ArrayList;","lastModifiedDate":"2024-02-15","isFullCredit":false},{"lineNumber":2,"author":{"gitId":"stanleysee12"},"content":"import java.util.Scanner;","lastModifiedDate":"2024-02-02","isFullCredit":false},{"lineNumber":3,"author":{"gitId":"stanleysee12"},"content":"import java.util.Arrays;","lastModifiedDate":"2024-02-02","isFullCredit":false},{"lineNumber":4,"author":{"gitId":"stanleysee12"},"content":"","lastModifiedDate":"2024-02-02","isFullCredit":false},{"lineNumber":5,"author":{"gitId":"stanleysee12"},"content":"","lastModifiedDate":"2024-02-02","isFullCredit":false},{"lineNumber":6,"author":{"gitId":"stanleysee12"},"content":"","lastModifiedDate":"2024-03-11","isFullCredit":false},{"lineNumber":7,"author":{"gitId":"stanleysee12"},"content":"","lastModifiedDate":"2024-03-11","isFullCredit":false},{"lineNumber":8,"author":{"gitId":"stanleysee12"},"content":"","lastModifiedDate":"2024-03-11","isFullCredit":false},{"lineNumber":9,"author":{"gitId":"-"},"content":"public class Duke {","lastModifiedDate":"2019-07-29","isFullCredit":false},{"lineNumber":10,"author":{"gitId":"stanleysee12"},"content":"","lastModifiedDate":"2024-02-02","isFullCredit":false},{"lineNumber":11,"author":{"gitId":"-"},"content":"    public static void main(String[] args) {","lastModifiedDate":"2019-07-29","isFullCredit":false},{"lineNumber":12,"author":{"gitId":"stanleysee12"},"content":"        //Generated via https://patorjk.com/","lastModifiedDate":"2024-02-02","isFullCredit":false},{"lineNumber":13,"author":{"gitId":"stanleysee12"},"content":"        String logo \u003d  \"_______          __     _____ __________        __\\n\" +","lastModifiedDate":"2024-02-02","isFullCredit":false},{"lineNumber":14,"author":{"gitId":"stanleysee12"},"content":"                \"\\\\      \\\\   _____/  |_  /  _  \\\\______   \\\\ _____/  |_ \\n\" +","lastModifiedDate":"2024-02-02","isFullCredit":false},{"lineNumber":15,"author":{"gitId":"stanleysee12"},"content":"                \"/   |   \\\\ /  _ \\\\   __\\\\/  /_\\\\  \\\\|    |  _//  _ \\\\   __\\\\ \\n\" +","lastModifiedDate":"2024-02-02","isFullCredit":false},{"lineNumber":16,"author":{"gitId":"stanleysee12"},"content":"                \"/    |    (  \u003c_\u003e )  | /    |    \\\\   |   (  \u003c_\u003e )  |  \\n\" +","lastModifiedDate":"2024-02-02","isFullCredit":false},{"lineNumber":17,"author":{"gitId":"stanleysee12"},"content":"                \"\\\\____|__  /\\\\____/|__| \\\\____|__  /______  /\\\\____/|__|  \\n\";","lastModifiedDate":"2024-02-02","isFullCredit":false},{"lineNumber":18,"author":{"gitId":"stanleysee12"},"content":"","lastModifiedDate":"2024-02-02","isFullCredit":false},{"lineNumber":19,"author":{"gitId":"stanleysee12"},"content":"        String greeting \u003d \"Hello! I\u0027m NotABot \\n\" +","lastModifiedDate":"2024-02-02","isFullCredit":false},{"lineNumber":20,"author":{"gitId":"stanleysee12"},"content":"                        \"What can I do for you?\";","lastModifiedDate":"2024-02-02","isFullCredit":false},{"lineNumber":21,"author":{"gitId":"stanleysee12"},"content":"        String ending \u003d \"Bye. Hope to see you again soon\";","lastModifiedDate":"2024-02-02","isFullCredit":false},{"lineNumber":22,"author":{"gitId":"stanleysee12"},"content":"        String userInput;","lastModifiedDate":"2024-02-02","isFullCredit":false},{"lineNumber":23,"author":{"gitId":"stanleysee12"},"content":"        String taskNo \u003d null;","lastModifiedDate":"2024-02-15","isFullCredit":false},{"lineNumber":24,"author":{"gitId":"stanleysee12"},"content":"        //String[] arrayInput \u003d new String[100];","lastModifiedDate":"2024-02-15","isFullCredit":false},{"lineNumber":25,"author":{"gitId":"stanleysee12"},"content":"        //Task[ ] arrayInput \u003d new Task[100];","lastModifiedDate":"2024-03-17","isFullCredit":false},{"lineNumber":26,"author":{"gitId":"stanleysee12"},"content":"        ArrayList \u003cTask\u003e arrayInput \u003d new ArrayList\u003cTask\u003e();","lastModifiedDate":"2024-03-17","isFullCredit":false},{"lineNumber":27,"author":{"gitId":"stanleysee12"},"content":"","lastModifiedDate":"2024-02-15","isFullCredit":false},{"lineNumber":28,"author":{"gitId":"stanleysee12"},"content":"","lastModifiedDate":"2024-02-15","isFullCredit":false},{"lineNumber":29,"author":{"gitId":"stanleysee12"},"content":"        int arrayIndex \u003d 0 ;","lastModifiedDate":"2024-02-02","isFullCredit":false},{"lineNumber":30,"author":{"gitId":"stanleysee12"},"content":"        boolean validWord \u003d true;","lastModifiedDate":"2024-03-17","isFullCredit":false},{"lineNumber":31,"author":{"gitId":"stanleysee12"},"content":"        boolean validInput \u003dtrue;","lastModifiedDate":"2024-03-17","isFullCredit":false},{"lineNumber":32,"author":{"gitId":"stanleysee12"},"content":"","lastModifiedDate":"2024-02-02","isFullCredit":false},{"lineNumber":33,"author":{"gitId":"stanleysee12"},"content":"        Scanner scGreeting \u003d new Scanner(System.in);","lastModifiedDate":"2024-02-02","isFullCredit":false},{"lineNumber":34,"author":{"gitId":"stanleysee12"},"content":"","lastModifiedDate":"2024-02-02","isFullCredit":false},{"lineNumber":35,"author":{"gitId":"-"},"content":"        System.out.println(\"Hello from\\n\" + logo);","lastModifiedDate":"2019-07-29","isFullCredit":false},{"lineNumber":36,"author":{"gitId":"stanleysee12"},"content":"        System.out.println(greeting);","lastModifiedDate":"2024-02-02","isFullCredit":false},{"lineNumber":37,"author":{"gitId":"stanleysee12"},"content":"","lastModifiedDate":"2024-02-02","isFullCredit":false},{"lineNumber":38,"author":{"gitId":"stanleysee12"},"content":"","lastModifiedDate":"2024-02-02","isFullCredit":false},{"lineNumber":39,"author":{"gitId":"stanleysee12"},"content":"","lastModifiedDate":"2024-02-15","isFullCredit":false},{"lineNumber":40,"author":{"gitId":"stanleysee12"},"content":"","lastModifiedDate":"2024-02-15","isFullCredit":false},{"lineNumber":41,"author":{"gitId":"stanleysee12"},"content":"        while(true)","lastModifiedDate":"2024-02-02","isFullCredit":false},{"lineNumber":42,"author":{"gitId":"stanleysee12"},"content":"        {","lastModifiedDate":"2024-02-02","isFullCredit":false},{"lineNumber":43,"author":{"gitId":"stanleysee12"},"content":"            userInput \u003d scGreeting.nextLine();","lastModifiedDate":"2024-02-02","isFullCredit":false},{"lineNumber":44,"author":{"gitId":"stanleysee12"},"content":"            //splits into and descriptions when user input","lastModifiedDate":"2024-03-11","isFullCredit":false},{"lineNumber":45,"author":{"gitId":"stanleysee12"},"content":"            validInput \u003d true;","lastModifiedDate":"2024-03-17","isFullCredit":false},{"lineNumber":46,"author":{"gitId":"stanleysee12"},"content":"            if(userInput.length() \u003e 2)","lastModifiedDate":"2024-02-15","isFullCredit":false},{"lineNumber":47,"author":{"gitId":"stanleysee12"},"content":"            {","lastModifiedDate":"2024-02-15","isFullCredit":false},{"lineNumber":48,"author":{"gitId":"stanleysee12"},"content":"                String[] temp \u003d userInput.split(\" \",2);","lastModifiedDate":"2024-03-11","isFullCredit":false},{"lineNumber":49,"author":{"gitId":"stanleysee12"},"content":"                try","lastModifiedDate":"2024-03-17","isFullCredit":false},{"lineNumber":50,"author":{"gitId":"stanleysee12"},"content":"                {","lastModifiedDate":"2024-03-17","isFullCredit":false},{"lineNumber":51,"author":{"gitId":"stanleysee12"},"content":"                    if(userInput.startsWith(\" \"))","lastModifiedDate":"2024-03-17","isFullCredit":false},{"lineNumber":52,"author":{"gitId":"stanleysee12"},"content":"                    // checks for space starting and input must be at least 3","lastModifiedDate":"2024-03-17","isFullCredit":false},{"lineNumber":53,"author":{"gitId":"stanleysee12"},"content":"                    {","lastModifiedDate":"2024-03-17","isFullCredit":false},{"lineNumber":54,"author":{"gitId":"stanleysee12"},"content":"                        validWord \u003d false;","lastModifiedDate":"2024-03-17","isFullCredit":false},{"lineNumber":55,"author":{"gitId":"stanleysee12"},"content":"                        throw new DukeException(\"Invalid input\");","lastModifiedDate":"2024-03-17","isFullCredit":false},{"lineNumber":56,"author":{"gitId":"stanleysee12"},"content":"                    }","lastModifiedDate":"2024-03-17","isFullCredit":false},{"lineNumber":57,"author":{"gitId":"stanleysee12"},"content":"                }","lastModifiedDate":"2024-03-17","isFullCredit":false},{"lineNumber":58,"author":{"gitId":"stanleysee12"},"content":"                catch (DukeException e){","lastModifiedDate":"2024-03-17","isFullCredit":false},{"lineNumber":59,"author":{"gitId":"stanleysee12"},"content":"                    System.err.println(\"Invalid input , No starting with space\");","lastModifiedDate":"2024-03-17","isFullCredit":false},{"lineNumber":60,"author":{"gitId":"stanleysee12"},"content":"                    validInput \u003dfalse;","lastModifiedDate":"2024-03-17","isFullCredit":false},{"lineNumber":61,"author":{"gitId":"stanleysee12"},"content":"                }","lastModifiedDate":"2024-03-17","isFullCredit":false},{"lineNumber":62,"author":{"gitId":"stanleysee12"},"content":"","lastModifiedDate":"2024-03-17","isFullCredit":false},{"lineNumber":63,"author":{"gitId":"stanleysee12"},"content":"                switch (temp[0].toLowerCase()){","lastModifiedDate":"2024-03-11","isFullCredit":false},{"lineNumber":64,"author":{"gitId":"stanleysee12"},"content":"                    case \"mark\":// need check if valid task no","lastModifiedDate":"2024-03-17","isFullCredit":false},{"lineNumber":65,"author":{"gitId":"stanleysee12"},"content":"                        userInput\u003d temp[0];","lastModifiedDate":"2024-03-17","isFullCredit":false},{"lineNumber":66,"author":{"gitId":"stanleysee12"},"content":"                        taskNo \u003d temp[1];","lastModifiedDate":"2024-03-17","isFullCredit":false},{"lineNumber":67,"author":{"gitId":"stanleysee12"},"content":"                        break;","lastModifiedDate":"2024-03-17","isFullCredit":false},{"lineNumber":68,"author":{"gitId":"stanleysee12"},"content":"                    case \"unmark\": // need check if valid task no","lastModifiedDate":"2024-03-17","isFullCredit":false},{"lineNumber":69,"author":{"gitId":"stanleysee12"},"content":"                        userInput\u003d temp[0];","lastModifiedDate":"2024-03-17","isFullCredit":false},{"lineNumber":70,"author":{"gitId":"stanleysee12"},"content":"                        taskNo \u003d temp[1];","lastModifiedDate":"2024-03-17","isFullCredit":false},{"lineNumber":71,"author":{"gitId":"stanleysee12"},"content":"                        break;","lastModifiedDate":"2024-03-17","isFullCredit":false},{"lineNumber":72,"author":{"gitId":"stanleysee12"},"content":"                    case \"todo\":","lastModifiedDate":"2024-03-11","isFullCredit":false},{"lineNumber":73,"author":{"gitId":"stanleysee12"},"content":"                        if (temp.length \u003d\u003d 1) {","lastModifiedDate":"2024-03-17","isFullCredit":false},{"lineNumber":74,"author":{"gitId":"stanleysee12"},"content":"                            try{","lastModifiedDate":"2024-03-17","isFullCredit":false},{"lineNumber":75,"author":{"gitId":"stanleysee12"},"content":"                                throw new DukeException(\"Todo Description is empty.Please fix\");","lastModifiedDate":"2024-03-17","isFullCredit":false},{"lineNumber":76,"author":{"gitId":"stanleysee12"},"content":"                            }catch (DukeException e){","lastModifiedDate":"2024-03-17","isFullCredit":false},{"lineNumber":77,"author":{"gitId":"stanleysee12"},"content":"                                validInput \u003dfalse;","lastModifiedDate":"2024-03-17","isFullCredit":false},{"lineNumber":78,"author":{"gitId":"stanleysee12"},"content":"                                System.err.println(e.getMessage());","lastModifiedDate":"2024-03-17","isFullCredit":false},{"lineNumber":79,"author":{"gitId":"stanleysee12"},"content":"                            }","lastModifiedDate":"2024-03-17","isFullCredit":false},{"lineNumber":80,"author":{"gitId":"stanleysee12"},"content":"                        }","lastModifiedDate":"2024-03-17","isFullCredit":false},{"lineNumber":81,"author":{"gitId":"stanleysee12"},"content":"                        else","lastModifiedDate":"2024-03-17","isFullCredit":false},{"lineNumber":82,"author":{"gitId":"stanleysee12"},"content":"                        {","lastModifiedDate":"2024-03-17","isFullCredit":false},{"lineNumber":83,"author":{"gitId":"stanleysee12"},"content":"                            userInput\u003d temp[0];","lastModifiedDate":"2024-03-17","isFullCredit":false},{"lineNumber":84,"author":{"gitId":"stanleysee12"},"content":"                            taskNo \u003d temp[1];","lastModifiedDate":"2024-03-17","isFullCredit":false},{"lineNumber":85,"author":{"gitId":"stanleysee12"},"content":"                        }","lastModifiedDate":"2024-03-17","isFullCredit":false},{"lineNumber":86,"author":{"gitId":"stanleysee12"},"content":"                        break;","lastModifiedDate":"2024-03-17","isFullCredit":false},{"lineNumber":87,"author":{"gitId":"stanleysee12"},"content":"                    case \"deadline\": // check for valid date","lastModifiedDate":"2024-03-17","isFullCredit":false},{"lineNumber":88,"author":{"gitId":"stanleysee12"},"content":"                        // deadline return book /by Sunday syntax","lastModifiedDate":"2024-03-17","isFullCredit":false},{"lineNumber":89,"author":{"gitId":"stanleysee12"},"content":"                        userInput\u003d temp[0];","lastModifiedDate":"2024-03-17","isFullCredit":false},{"lineNumber":90,"author":{"gitId":"stanleysee12"},"content":"                        taskNo \u003d temp[1];","lastModifiedDate":"2024-03-17","isFullCredit":false},{"lineNumber":91,"author":{"gitId":"stanleysee12"},"content":"                        break;","lastModifiedDate":"2024-03-17","isFullCredit":false},{"lineNumber":92,"author":{"gitId":"stanleysee12"},"content":"                    case \"event\": // check for valid time/date","lastModifiedDate":"2024-03-17","isFullCredit":false},{"lineNumber":93,"author":{"gitId":"stanleysee12"},"content":"                        // event project meeting /from Mon 2pm /to 4pm  syntax","lastModifiedDate":"2024-03-17","isFullCredit":false},{"lineNumber":94,"author":{"gitId":"stanleysee12"},"content":"                        userInput \u003d temp[0];","lastModifiedDate":"2024-03-17","isFullCredit":false},{"lineNumber":95,"author":{"gitId":"stanleysee12"},"content":"                        if(temp.length \u003e 1)","lastModifiedDate":"2024-03-17","isFullCredit":false},{"lineNumber":96,"author":{"gitId":"stanleysee12"},"content":"                        {","lastModifiedDate":"2024-03-17","isFullCredit":false},{"lineNumber":97,"author":{"gitId":"stanleysee12"},"content":"                            taskNo \u003d temp[1];","lastModifiedDate":"2024-03-17","isFullCredit":false},{"lineNumber":98,"author":{"gitId":"stanleysee12"},"content":"                        }","lastModifiedDate":"2024-03-17","isFullCredit":false},{"lineNumber":99,"author":{"gitId":"stanleysee12"},"content":"                        else","lastModifiedDate":"2024-03-17","isFullCredit":false},{"lineNumber":100,"author":{"gitId":"stanleysee12"},"content":"                        {","lastModifiedDate":"2024-03-17","isFullCredit":false},{"lineNumber":101,"author":{"gitId":"stanleysee12"},"content":"                            try{","lastModifiedDate":"2024-03-17","isFullCredit":false},{"lineNumber":102,"author":{"gitId":"stanleysee12"},"content":"                                throw new DukeException(\"Event Description is empty.Please fix\");","lastModifiedDate":"2024-03-17","isFullCredit":false},{"lineNumber":103,"author":{"gitId":"stanleysee12"},"content":"                            } catch (DukeException e) {","lastModifiedDate":"2024-03-17","isFullCredit":false},{"lineNumber":104,"author":{"gitId":"stanleysee12"},"content":"                                validInput \u003dfalse;","lastModifiedDate":"2024-03-17","isFullCredit":false},{"lineNumber":105,"author":{"gitId":"stanleysee12"},"content":"                                System.err.println(e.getMessage());","lastModifiedDate":"2024-03-17","isFullCredit":false},{"lineNumber":106,"author":{"gitId":"stanleysee12"},"content":"                            }","lastModifiedDate":"2024-03-17","isFullCredit":false},{"lineNumber":107,"author":{"gitId":"stanleysee12"},"content":"","lastModifiedDate":"2024-03-17","isFullCredit":false},{"lineNumber":108,"author":{"gitId":"stanleysee12"},"content":"                        }","lastModifiedDate":"2024-03-17","isFullCredit":false},{"lineNumber":109,"author":{"gitId":"stanleysee12"},"content":"","lastModifiedDate":"2024-03-17","isFullCredit":false},{"lineNumber":110,"author":{"gitId":"stanleysee12"},"content":"                        break;","lastModifiedDate":"2024-03-17","isFullCredit":false},{"lineNumber":111,"author":{"gitId":"stanleysee12"},"content":"                    case \"list\":","lastModifiedDate":"2024-03-17","isFullCredit":false},{"lineNumber":112,"author":{"gitId":"stanleysee12"},"content":"                        break;","lastModifiedDate":"2024-03-17","isFullCredit":false},{"lineNumber":113,"author":{"gitId":"stanleysee12"},"content":"                    case \"delete\": // need check if within list","lastModifiedDate":"2024-03-17","isFullCredit":false},{"lineNumber":114,"author":{"gitId":"stanleysee12"},"content":"                        if(taskNo.isEmpty())","lastModifiedDate":"2024-03-17","isFullCredit":false},{"lineNumber":115,"author":{"gitId":"stanleysee12"},"content":"                        {","lastModifiedDate":"2024-03-17","isFullCredit":false},{"lineNumber":116,"author":{"gitId":"stanleysee12"},"content":"                            try{","lastModifiedDate":"2024-03-17","isFullCredit":false},{"lineNumber":117,"author":{"gitId":"stanleysee12"},"content":"                                throw new DukeException(\"Invalid Delete\");","lastModifiedDate":"2024-03-17","isFullCredit":false},{"lineNumber":118,"author":{"gitId":"stanleysee12"},"content":"                            }catch (DukeException e){","lastModifiedDate":"2024-03-17","isFullCredit":false},{"lineNumber":119,"author":{"gitId":"stanleysee12"},"content":"                                validInput \u003dfalse ;","lastModifiedDate":"2024-03-17","isFullCredit":false},{"lineNumber":120,"author":{"gitId":"stanleysee12"},"content":"                                System.err.println(e.getMessage());","lastModifiedDate":"2024-03-17","isFullCredit":false},{"lineNumber":121,"author":{"gitId":"stanleysee12"},"content":"                            }","lastModifiedDate":"2024-03-17","isFullCredit":false},{"lineNumber":122,"author":{"gitId":"stanleysee12"},"content":"                        }","lastModifiedDate":"2024-03-17","isFullCredit":false},{"lineNumber":123,"author":{"gitId":"stanleysee12"},"content":"                        else {","lastModifiedDate":"2024-03-17","isFullCredit":false},{"lineNumber":124,"author":{"gitId":"stanleysee12"},"content":"                            userInput\u003d temp[0];","lastModifiedDate":"2024-02-15","isFullCredit":false},{"lineNumber":125,"author":{"gitId":"stanleysee12"},"content":"                            taskNo \u003d temp[1];","lastModifiedDate":"2024-02-15","isFullCredit":false},{"lineNumber":126,"author":{"gitId":"stanleysee12"},"content":"                        }","lastModifiedDate":"2024-03-17","isFullCredit":false},{"lineNumber":127,"author":{"gitId":"stanleysee12"},"content":"","lastModifiedDate":"2024-03-17","isFullCredit":false},{"lineNumber":128,"author":{"gitId":"stanleysee12"},"content":"                        break;","lastModifiedDate":"2024-03-11","isFullCredit":false},{"lineNumber":129,"author":{"gitId":"stanleysee12"},"content":"                    default:","lastModifiedDate":"2024-03-11","isFullCredit":false},{"lineNumber":130,"author":{"gitId":"stanleysee12"},"content":"                        try{","lastModifiedDate":"2024-03-17","isFullCredit":false},{"lineNumber":131,"author":{"gitId":"stanleysee12"},"content":"                            throw new DukeException(\"Not part of my commands.Please input a valid one\");","lastModifiedDate":"2024-03-17","isFullCredit":false},{"lineNumber":132,"author":{"gitId":"stanleysee12"},"content":"                        }catch (DukeException e){","lastModifiedDate":"2024-03-17","isFullCredit":false},{"lineNumber":133,"author":{"gitId":"stanleysee12"},"content":"                            validInput \u003dfalse;","lastModifiedDate":"2024-03-17","isFullCredit":false},{"lineNumber":134,"author":{"gitId":"stanleysee12"},"content":"                            System.err.println(e.getMessage());","lastModifiedDate":"2024-03-17","isFullCredit":false},{"lineNumber":135,"author":{"gitId":"stanleysee12"},"content":"                        }","lastModifiedDate":"2024-03-17","isFullCredit":false},{"lineNumber":136,"author":{"gitId":"stanleysee12"},"content":"                        break;","lastModifiedDate":"2024-03-11","isFullCredit":false},{"lineNumber":137,"author":{"gitId":"stanleysee12"},"content":"                }","lastModifiedDate":"2024-02-15","isFullCredit":false},{"lineNumber":138,"author":{"gitId":"stanleysee12"},"content":"            }","lastModifiedDate":"2024-02-15","isFullCredit":false},{"lineNumber":139,"author":{"gitId":"stanleysee12"},"content":"            ///ends here","lastModifiedDate":"2024-03-11","isFullCredit":false},{"lineNumber":140,"author":{"gitId":"stanleysee12"},"content":"            while(validInput){","lastModifiedDate":"2024-03-17","isFullCredit":false},{"lineNumber":141,"author":{"gitId":"stanleysee12"},"content":"                validInput \u003dfalse;","lastModifiedDate":"2024-03-17","isFullCredit":false},{"lineNumber":142,"author":{"gitId":"stanleysee12"},"content":"                System.out.println(userInput);","lastModifiedDate":"2024-03-17","isFullCredit":false},{"lineNumber":143,"author":{"gitId":"stanleysee12"},"content":"                if(userInput.equals(\"bye\"))","lastModifiedDate":"2024-03-11","isFullCredit":false},{"lineNumber":144,"author":{"gitId":"stanleysee12"},"content":"                {","lastModifiedDate":"2024-02-02","isFullCredit":false},{"lineNumber":145,"author":{"gitId":"stanleysee12"},"content":"                    System.out.println(ending);","lastModifiedDate":"2024-02-02","isFullCredit":false},{"lineNumber":146,"author":{"gitId":"stanleysee12"},"content":"                    System.exit(0);","lastModifiedDate":"2024-02-02","isFullCredit":false},{"lineNumber":147,"author":{"gitId":"stanleysee12"},"content":"                }","lastModifiedDate":"2024-02-02","isFullCredit":false},{"lineNumber":148,"author":{"gitId":"stanleysee12"},"content":"                else if(userInput.equals(\"list\"))","lastModifiedDate":"2024-03-11","isFullCredit":false},{"lineNumber":149,"author":{"gitId":"stanleysee12"},"content":"                {","lastModifiedDate":"2024-02-02","isFullCredit":false},{"lineNumber":150,"author":{"gitId":"stanleysee12"},"content":"                    System.out.println(\"Here are the tasks in your list:\");","lastModifiedDate":"2024-02-15","isFullCredit":false},{"lineNumber":151,"author":{"gitId":"stanleysee12"},"content":"                    for (int i \u003d 0; i \u003c arrayInput.size(); i++) {","lastModifiedDate":"2024-03-17","isFullCredit":false},{"lineNumber":152,"author":{"gitId":"stanleysee12"},"content":"                        System.out.printf(\"%d. %s%n\", i + 1, arrayInput.get(i).toString());","lastModifiedDate":"2024-03-17","isFullCredit":false},{"lineNumber":153,"author":{"gitId":"stanleysee12"},"content":"                    }","lastModifiedDate":"2024-02-15","isFullCredit":false},{"lineNumber":154,"author":{"gitId":"stanleysee12"},"content":"                }","lastModifiedDate":"2024-02-15","isFullCredit":false},{"lineNumber":155,"author":{"gitId":"stanleysee12"},"content":"                else if((userInput.equals(\"mark\")) || userInput.equals((\"unmark\")))","lastModifiedDate":"2024-03-11","isFullCredit":false},{"lineNumber":156,"author":{"gitId":"stanleysee12"},"content":"                {","lastModifiedDate":"2024-02-15","isFullCredit":false},{"lineNumber":157,"author":{"gitId":"stanleysee12"},"content":"                    int number \u003d Integer.parseInt(taskNo);","lastModifiedDate":"2024-02-15","isFullCredit":false},{"lineNumber":158,"author":{"gitId":"stanleysee12"},"content":"                    if(userInput.equals(\"mark\"))","lastModifiedDate":"2024-03-11","isFullCredit":false},{"lineNumber":159,"author":{"gitId":"stanleysee12"},"content":"                    {","lastModifiedDate":"2024-02-15","isFullCredit":false},{"lineNumber":160,"author":{"gitId":"stanleysee12"},"content":"                        arrayInput.get(number -1).markAsDone();","lastModifiedDate":"2024-03-17","isFullCredit":false},{"lineNumber":161,"author":{"gitId":"stanleysee12"},"content":"                        System.out.println(\"Nice! I\u0027ve marked this task as done:\");","lastModifiedDate":"2024-02-15","isFullCredit":false},{"lineNumber":162,"author":{"gitId":"stanleysee12"},"content":"                    }","lastModifiedDate":"2024-02-15","isFullCredit":false},{"lineNumber":163,"author":{"gitId":"stanleysee12"},"content":"                    else if(userInput.equals(\"unmark\"))","lastModifiedDate":"2024-03-11","isFullCredit":false},{"lineNumber":164,"author":{"gitId":"stanleysee12"},"content":"                    {","lastModifiedDate":"2024-02-15","isFullCredit":false},{"lineNumber":165,"author":{"gitId":"stanleysee12"},"content":"                        arrayInput.get(number -1).markAsNotDone();","lastModifiedDate":"2024-03-17","isFullCredit":false},{"lineNumber":166,"author":{"gitId":"stanleysee12"},"content":"                        System.out.println(\"OK, I\u0027ve marked this task as not done yet:\");","lastModifiedDate":"2024-02-15","isFullCredit":false},{"lineNumber":167,"author":{"gitId":"stanleysee12"},"content":"                    }","lastModifiedDate":"2024-02-02","isFullCredit":false},{"lineNumber":168,"author":{"gitId":"stanleysee12"},"content":"                    System.out.println(arrayInput.get(number -1).toString());","lastModifiedDate":"2024-03-17","isFullCredit":false},{"lineNumber":169,"author":{"gitId":"stanleysee12"},"content":"                }","lastModifiedDate":"2024-03-11","isFullCredit":false},{"lineNumber":170,"author":{"gitId":"stanleysee12"},"content":"                else if (userInput.equals(\"todo\"))","lastModifiedDate":"2024-03-11","isFullCredit":false},{"lineNumber":171,"author":{"gitId":"stanleysee12"},"content":"                {","lastModifiedDate":"2024-03-11","isFullCredit":false},{"lineNumber":172,"author":{"gitId":"stanleysee12"},"content":"                    System.out.println(\"Got it. I\u0027ve added this task: \" );","lastModifiedDate":"2024-03-11","isFullCredit":false},{"lineNumber":173,"author":{"gitId":"stanleysee12"},"content":"                    arrayInput.add(new ToDo(taskNo));","lastModifiedDate":"2024-03-17","isFullCredit":false},{"lineNumber":174,"author":{"gitId":"stanleysee12"},"content":"                    System.out.println(arrayInput.getLast());","lastModifiedDate":"2024-03-17","isFullCredit":false},{"lineNumber":175,"author":{"gitId":"stanleysee12"},"content":"                    arrayIndex++;","lastModifiedDate":"2024-03-11","isFullCredit":false},{"lineNumber":176,"author":{"gitId":"stanleysee12"},"content":"                    System.out.println(\"Now you have \" + arrayIndex + \" tasks in the list\");","lastModifiedDate":"2024-03-11","isFullCredit":false},{"lineNumber":177,"author":{"gitId":"stanleysee12"},"content":"                }","lastModifiedDate":"2024-03-11","isFullCredit":false},{"lineNumber":178,"author":{"gitId":"stanleysee12"},"content":"                else if (userInput.equals(\"deadline\"))","lastModifiedDate":"2024-03-11","isFullCredit":false},{"lineNumber":179,"author":{"gitId":"stanleysee12"},"content":"                {","lastModifiedDate":"2024-03-11","isFullCredit":false},{"lineNumber":180,"author":{"gitId":"stanleysee12"},"content":"                    String [] splitBy \u003d taskNo.split(\" /by \" , 2);","lastModifiedDate":"2024-03-11","isFullCredit":false},{"lineNumber":181,"author":{"gitId":"stanleysee12"},"content":"                    System.out.println(\"Got it. I\u0027ve added this task: \" );","lastModifiedDate":"2024-03-11","isFullCredit":false},{"lineNumber":182,"author":{"gitId":"stanleysee12"},"content":"","lastModifiedDate":"2024-03-17","isFullCredit":false},{"lineNumber":183,"author":{"gitId":"stanleysee12"},"content":"                    arrayInput.add(new Deadline(splitBy[0],splitBy[1]));","lastModifiedDate":"2024-03-17","isFullCredit":false},{"lineNumber":184,"author":{"gitId":"stanleysee12"},"content":"                    System.out.println(arrayInput.getLast());","lastModifiedDate":"2024-03-17","isFullCredit":false},{"lineNumber":185,"author":{"gitId":"stanleysee12"},"content":"                    arrayIndex++;","lastModifiedDate":"2024-03-11","isFullCredit":false},{"lineNumber":186,"author":{"gitId":"stanleysee12"},"content":"                    System.out.println(\"Now you have \" + arrayIndex + \" tasks in the list\");","lastModifiedDate":"2024-03-11","isFullCredit":false},{"lineNumber":187,"author":{"gitId":"stanleysee12"},"content":"","lastModifiedDate":"2024-02-15","isFullCredit":false},{"lineNumber":188,"author":{"gitId":"stanleysee12"},"content":"                }","lastModifiedDate":"2024-02-02","isFullCredit":false},{"lineNumber":189,"author":{"gitId":"stanleysee12"},"content":"                else if(userInput.equals(\"event\"))","lastModifiedDate":"2024-03-11","isFullCredit":false},{"lineNumber":190,"author":{"gitId":"stanleysee12"},"content":"                {","lastModifiedDate":"2024-03-11","isFullCredit":false},{"lineNumber":191,"author":{"gitId":"stanleysee12"},"content":"                    String start;","lastModifiedDate":"2024-03-11","isFullCredit":false},{"lineNumber":192,"author":{"gitId":"stanleysee12"},"content":"                    String end;","lastModifiedDate":"2024-03-11","isFullCredit":false},{"lineNumber":193,"author":{"gitId":"stanleysee12"},"content":"                    System.out.println(\"Got it. I\u0027ve added this task: \" );","lastModifiedDate":"2024-03-11","isFullCredit":false},{"lineNumber":194,"author":{"gitId":"stanleysee12"},"content":"                    //description of event split from date/time","lastModifiedDate":"2024-03-11","isFullCredit":false},{"lineNumber":195,"author":{"gitId":"stanleysee12"},"content":"                    String [] splitEvent \u003d taskNo.split(\" /from \" , 2);","lastModifiedDate":"2024-03-11","isFullCredit":false},{"lineNumber":196,"author":{"gitId":"stanleysee12"},"content":"                    //checks if there is start\u0026end date/time","lastModifiedDate":"2024-03-11","isFullCredit":false},{"lineNumber":197,"author":{"gitId":"stanleysee12"},"content":"                    String [] splitStartEnd \u003d splitEvent[1].split(\" /to \", 2);","lastModifiedDate":"2024-03-11","isFullCredit":false},{"lineNumber":198,"author":{"gitId":"stanleysee12"},"content":"                    if(splitStartEnd.length \u003e 1){","lastModifiedDate":"2024-03-11","isFullCredit":false},{"lineNumber":199,"author":{"gitId":"stanleysee12"},"content":"                        start \u003d splitStartEnd[0];","lastModifiedDate":"2024-03-11","isFullCredit":false},{"lineNumber":200,"author":{"gitId":"stanleysee12"},"content":"                        end \u003d splitStartEnd[1];","lastModifiedDate":"2024-03-11","isFullCredit":false},{"lineNumber":201,"author":{"gitId":"stanleysee12"},"content":"                    }","lastModifiedDate":"2024-03-11","isFullCredit":false},{"lineNumber":202,"author":{"gitId":"stanleysee12"},"content":"                    else","lastModifiedDate":"2024-03-11","isFullCredit":false},{"lineNumber":203,"author":{"gitId":"stanleysee12"},"content":"                    {","lastModifiedDate":"2024-03-11","isFullCredit":false},{"lineNumber":204,"author":{"gitId":"stanleysee12"},"content":"                        start \u003d splitStartEnd[0];","lastModifiedDate":"2024-03-11","isFullCredit":false},{"lineNumber":205,"author":{"gitId":"stanleysee12"},"content":"                        end \u003d \" \";","lastModifiedDate":"2024-03-11","isFullCredit":false},{"lineNumber":206,"author":{"gitId":"stanleysee12"},"content":"                    }","lastModifiedDate":"2024-03-11","isFullCredit":false},{"lineNumber":207,"author":{"gitId":"stanleysee12"},"content":"                    arrayInput.add(new Event(splitEvent[0],start,end));","lastModifiedDate":"2024-03-17","isFullCredit":false},{"lineNumber":208,"author":{"gitId":"stanleysee12"},"content":"                    System.out.println(arrayInput.getLast());","lastModifiedDate":"2024-03-17","isFullCredit":false},{"lineNumber":209,"author":{"gitId":"stanleysee12"},"content":"                    arrayIndex++;","lastModifiedDate":"2024-03-11","isFullCredit":false},{"lineNumber":210,"author":{"gitId":"stanleysee12"},"content":"                    System.out.println(\"Now you have \" + arrayIndex + \" tasks in the list\");","lastModifiedDate":"2024-03-11","isFullCredit":false},{"lineNumber":211,"author":{"gitId":"stanleysee12"},"content":"                }","lastModifiedDate":"2024-03-11","isFullCredit":false},{"lineNumber":212,"author":{"gitId":"stanleysee12"},"content":"                else if(userInput.equals(\"delete\"))","lastModifiedDate":"2024-03-17","isFullCredit":false},{"lineNumber":213,"author":{"gitId":"stanleysee12"},"content":"                {","lastModifiedDate":"2024-03-17","isFullCredit":false},{"lineNumber":214,"author":{"gitId":"stanleysee12"},"content":"                    int tempDeleteNo \u003d Integer.parseInt(taskNo);","lastModifiedDate":"2024-03-17","isFullCredit":false},{"lineNumber":215,"author":{"gitId":"stanleysee12"},"content":"                    System.out.println(\"Noted. Task has been removed\");","lastModifiedDate":"2024-03-17","isFullCredit":false},{"lineNumber":216,"author":{"gitId":"stanleysee12"},"content":"                    System.out.println(arrayInput.size());","lastModifiedDate":"2024-03-17","isFullCredit":false},{"lineNumber":217,"author":{"gitId":"stanleysee12"},"content":"                    System.out.println(arrayInput.get(tempDeleteNo - 1));","lastModifiedDate":"2024-03-17","isFullCredit":false},{"lineNumber":218,"author":{"gitId":"stanleysee12"},"content":"                    arrayInput.remove(tempDeleteNo - 1);","lastModifiedDate":"2024-03-17","isFullCredit":false},{"lineNumber":219,"author":{"gitId":"stanleysee12"},"content":"                    arrayIndex -\u003d 1;","lastModifiedDate":"2024-03-17","isFullCredit":false},{"lineNumber":220,"author":{"gitId":"stanleysee12"},"content":"                }","lastModifiedDate":"2024-03-17","isFullCredit":false},{"lineNumber":221,"author":{"gitId":"stanleysee12"},"content":"                else if(!validWord)","lastModifiedDate":"2024-03-17","isFullCredit":false},{"lineNumber":222,"author":{"gitId":"stanleysee12"},"content":"                {","lastModifiedDate":"2024-03-17","isFullCredit":false},{"lineNumber":223,"author":{"gitId":"stanleysee12"},"content":"                    validInput \u003dfalse;","lastModifiedDate":"2024-03-17","isFullCredit":false},{"lineNumber":224,"author":{"gitId":"stanleysee12"},"content":"                    System.out.println(\"Please input in the correct syntax\");","lastModifiedDate":"2024-03-17","isFullCredit":false},{"lineNumber":225,"author":{"gitId":"stanleysee12"},"content":"                    System.out.println(\"~~~~~~~~~~~~~~~~~~~~~~~\\n\");","lastModifiedDate":"2024-03-17","isFullCredit":false},{"lineNumber":226,"author":{"gitId":"stanleysee12"},"content":"                }","lastModifiedDate":"2024-03-17","isFullCredit":false},{"lineNumber":227,"author":{"gitId":"stanleysee12"},"content":"                else {","lastModifiedDate":"2024-02-15","isFullCredit":false},{"lineNumber":228,"author":{"gitId":"stanleysee12"},"content":"                    arrayInput.add(new Task(userInput));","lastModifiedDate":"2024-03-17","isFullCredit":false},{"lineNumber":229,"author":{"gitId":"stanleysee12"},"content":"                    arrayIndex++;","lastModifiedDate":"2024-02-02","isFullCredit":false},{"lineNumber":230,"author":{"gitId":"stanleysee12"},"content":"                    System.out.println(\"~~~~~~~~~~~~~~~~~~~~~~~\\n\" + \"added: \" + userInput);","lastModifiedDate":"2024-02-02","isFullCredit":false},{"lineNumber":231,"author":{"gitId":"stanleysee12"},"content":"                }","lastModifiedDate":"2024-02-02","isFullCredit":false},{"lineNumber":232,"author":{"gitId":"stanleysee12"},"content":"","lastModifiedDate":"2024-02-02","isFullCredit":false},{"lineNumber":233,"author":{"gitId":"stanleysee12"},"content":"                System.out.println(\"~~~~~~~~~~~~~~~~~~~~~~~\\n\");","lastModifiedDate":"2024-02-15","isFullCredit":false},{"lineNumber":234,"author":{"gitId":"stanleysee12"},"content":"                }","lastModifiedDate":"2024-02-15","isFullCredit":false},{"lineNumber":235,"author":{"gitId":"stanleysee12"},"content":"            }","lastModifiedDate":"2024-03-17","isFullCredit":false},{"lineNumber":236,"author":{"gitId":"stanleysee12"},"content":"","lastModifiedDate":"2024-03-17","isFullCredit":false},{"lineNumber":237,"author":{"gitId":"stanleysee12"},"content":"","lastModifiedDate":"2024-02-15","isFullCredit":false},{"lineNumber":238,"author":{"gitId":"-"},"content":"    }","lastModifiedDate":"2019-07-29","isFullCredit":false},{"lineNumber":239,"author":{"gitId":"-"},"content":"}","lastModifiedDate":"2019-07-29","isFullCredit":false},{"lineNumber":240,"author":{"gitId":"stanleysee12"},"content":"","lastModifiedDate":"2024-03-11","isFullCredit":false}],"authorContributionMap":{"-":5,"stanleysee12":235}},{"path":"src/main/java/DukeException.java","fileType":"java","lines":[{"lineNumber":1,"author":{"gitId":"stanleysee12"},"content":"public class DukeException extends Exception{","lastModifiedDate":"2024-03-17","isFullCredit":false},{"lineNumber":2,"author":{"gitId":"stanleysee12"},"content":"    public DukeException (String message){","lastModifiedDate":"2024-03-17","isFullCredit":false},{"lineNumber":3,"author":{"gitId":"stanleysee12"},"content":"        super(\"~~~~~~~~~~~~~~~~~~~~~~~~~~~~~~~~~~~~~~~~~~~~\\n\" + message + \"\\n~~~~~~~~~~~~~~~~~~~~~~~~~~~~~~~~~~~~~~~~~~~~\");","lastModifiedDate":"2024-03-17","isFullCredit":false},{"lineNumber":4,"author":{"gitId":"stanleysee12"},"content":"    }","lastModifiedDate":"2024-03-17","isFullCredit":false},{"lineNumber":5,"author":{"gitId":"stanleysee12"},"content":"}","lastModifiedDate":"2024-03-17","isFullCredit":false}],"authorContributionMap":{"stanleysee12":5}},{"path":"src/main/java/Event.java","fileType":"java","lines":[{"lineNumber":1,"author":{"gitId":"stanleysee12"},"content":"public class Event extends Task {","lastModifiedDate":"2024-03-11","isFullCredit":false},{"lineNumber":2,"author":{"gitId":"stanleysee12"},"content":"    protected String start;","lastModifiedDate":"2024-03-11","isFullCredit":false},{"lineNumber":3,"author":{"gitId":"stanleysee12"},"content":"    protected String end;","lastModifiedDate":"2024-03-11","isFullCredit":false},{"lineNumber":4,"author":{"gitId":"stanleysee12"},"content":"","lastModifiedDate":"2024-03-11","isFullCredit":false},{"lineNumber":5,"author":{"gitId":"stanleysee12"},"content":"    public Event(String description, String start, String end) {","lastModifiedDate":"2024-03-11","isFullCredit":false},{"lineNumber":6,"author":{"gitId":"stanleysee12"},"content":"        super(description);","lastModifiedDate":"2024-03-11","isFullCredit":false},{"lineNumber":7,"author":{"gitId":"stanleysee12"},"content":"        this.start \u003d start;","lastModifiedDate":"2024-03-11","isFullCredit":false},{"lineNumber":8,"author":{"gitId":"stanleysee12"},"content":"        this.end \u003d end;","lastModifiedDate":"2024-03-11","isFullCredit":false},{"lineNumber":9,"author":{"gitId":"stanleysee12"},"content":"    }","lastModifiedDate":"2024-03-11","isFullCredit":false},{"lineNumber":10,"author":{"gitId":"stanleysee12"},"content":"","lastModifiedDate":"2024-03-11","isFullCredit":false},{"lineNumber":11,"author":{"gitId":"stanleysee12"},"content":"    @Override","lastModifiedDate":"2024-03-11","isFullCredit":false},{"lineNumber":12,"author":{"gitId":"stanleysee12"},"content":"    public String toString() {","lastModifiedDate":"2024-03-11","isFullCredit":false},{"lineNumber":13,"author":{"gitId":"stanleysee12"},"content":"        return \"[E]\" + super.toString() + \" (from: \" + start + \" to: \" + end + \")\";","lastModifiedDate":"2024-03-11","isFullCredit":false},{"lineNumber":14,"author":{"gitId":"stanleysee12"},"content":"    }","lastModifiedDate":"2024-03-11","isFullCredit":false},{"lineNumber":15,"author":{"gitId":"stanleysee12"},"content":"}","lastModifiedDate":"2024-03-11","isFullCredit":false}],"authorContributionMap":{"stanleysee12":15}},{"path":"src/main/java/Task.java","fileType":"java","lines":[{"lineNumber":1,"author":{"gitId":"stanleysee12"},"content":"public class Task {","lastModifiedDate":"2024-02-15","isFullCredit":false},{"lineNumber":2,"author":{"gitId":"stanleysee12"},"content":"    protected String description;","lastModifiedDate":"2024-02-15","isFullCredit":false},{"lineNumber":3,"author":{"gitId":"stanleysee12"},"content":"    protected boolean isDone;","lastModifiedDate":"2024-02-15","isFullCredit":false},{"lineNumber":4,"author":{"gitId":"stanleysee12"},"content":"","lastModifiedDate":"2024-02-15","isFullCredit":false},{"lineNumber":5,"author":{"gitId":"stanleysee12"},"content":"    public Task(String description) {","lastModifiedDate":"2024-02-15","isFullCredit":false},{"lineNumber":6,"author":{"gitId":"stanleysee12"},"content":"        this.description \u003d description;","lastModifiedDate":"2024-02-15","isFullCredit":false},{"lineNumber":7,"author":{"gitId":"stanleysee12"},"content":"        this.isDone \u003d false;","lastModifiedDate":"2024-02-15","isFullCredit":false},{"lineNumber":8,"author":{"gitId":"stanleysee12"},"content":"    }","lastModifiedDate":"2024-02-15","isFullCredit":false},{"lineNumber":9,"author":{"gitId":"stanleysee12"},"content":"","lastModifiedDate":"2024-02-15","isFullCredit":false},{"lineNumber":10,"author":{"gitId":"stanleysee12"},"content":"    public String getStatusIcon() {","lastModifiedDate":"2024-02-15","isFullCredit":false},{"lineNumber":11,"author":{"gitId":"stanleysee12"},"content":"        return (isDone ? \"X\" : \" \"); // mark done task with X","lastModifiedDate":"2024-02-15","isFullCredit":false},{"lineNumber":12,"author":{"gitId":"stanleysee12"},"content":"    }","lastModifiedDate":"2024-02-15","isFullCredit":false},{"lineNumber":13,"author":{"gitId":"stanleysee12"},"content":"","lastModifiedDate":"2024-02-15","isFullCredit":false},{"lineNumber":14,"author":{"gitId":"stanleysee12"},"content":"    public void markAsDone(){","lastModifiedDate":"2024-02-15","isFullCredit":false},{"lineNumber":15,"author":{"gitId":"stanleysee12"},"content":"        this.isDone \u003d true;","lastModifiedDate":"2024-02-15","isFullCredit":false},{"lineNumber":16,"author":{"gitId":"stanleysee12"},"content":"    }","lastModifiedDate":"2024-02-15","isFullCredit":false},{"lineNumber":17,"author":{"gitId":"stanleysee12"},"content":"","lastModifiedDate":"2024-02-15","isFullCredit":false},{"lineNumber":18,"author":{"gitId":"stanleysee12"},"content":"    public void markAsNotDone(){","lastModifiedDate":"2024-02-15","isFullCredit":false},{"lineNumber":19,"author":{"gitId":"stanleysee12"},"content":"        this.isDone \u003d false;","lastModifiedDate":"2024-02-15","isFullCredit":false},{"lineNumber":20,"author":{"gitId":"stanleysee12"},"content":"    }","lastModifiedDate":"2024-02-15","isFullCredit":false},{"lineNumber":21,"author":{"gitId":"stanleysee12"},"content":"","lastModifiedDate":"2024-02-15","isFullCredit":false},{"lineNumber":22,"author":{"gitId":"stanleysee12"},"content":"    public String getDescription (){","lastModifiedDate":"2024-03-11","isFullCredit":false},{"lineNumber":23,"author":{"gitId":"stanleysee12"},"content":"        return description;","lastModifiedDate":"2024-03-11","isFullCredit":false},{"lineNumber":24,"author":{"gitId":"stanleysee12"},"content":"    }","lastModifiedDate":"2024-03-11","isFullCredit":false},{"lineNumber":25,"author":{"gitId":"stanleysee12"},"content":"    @Override","lastModifiedDate":"2024-03-11","isFullCredit":false},{"lineNumber":26,"author":{"gitId":"stanleysee12"},"content":"    public String toString(){","lastModifiedDate":"2024-03-11","isFullCredit":false},{"lineNumber":27,"author":{"gitId":"stanleysee12"},"content":"        return \"[\" + getStatusIcon() + \"]\" + \" \" + getDescription();","lastModifiedDate":"2024-03-11","isFullCredit":false},{"lineNumber":28,"author":{"gitId":"stanleysee12"},"content":"    }","lastModifiedDate":"2024-03-11","isFullCredit":false},{"lineNumber":29,"author":{"gitId":"stanleysee12"},"content":"    //...","lastModifiedDate":"2024-02-15","isFullCredit":false},{"lineNumber":30,"author":{"gitId":"stanleysee12"},"content":"}","lastModifiedDate":"2024-02-15","isFullCredit":false}],"authorContributionMap":{"stanleysee12":30}},{"path":"src/main/java/ToDo.java","fileType":"java","lines":[{"lineNumber":1,"author":{"gitId":"stanleysee12"},"content":"public class ToDo extends Task {","lastModifiedDate":"2024-03-11","isFullCredit":false},{"lineNumber":2,"author":{"gitId":"stanleysee12"},"content":"","lastModifiedDate":"2024-03-11","isFullCredit":false},{"lineNumber":3,"author":{"gitId":"stanleysee12"},"content":"    public ToDo (String description) {","lastModifiedDate":"2024-03-11","isFullCredit":false},{"lineNumber":4,"author":{"gitId":"stanleysee12"},"content":"        super(description);","lastModifiedDate":"2024-03-11","isFullCredit":false},{"lineNumber":5,"author":{"gitId":"stanleysee12"},"content":"    }","lastModifiedDate":"2024-03-11","isFullCredit":false},{"lineNumber":6,"author":{"gitId":"stanleysee12"},"content":"","lastModifiedDate":"2024-03-11","isFullCredit":false},{"lineNumber":7,"author":{"gitId":"stanleysee12"},"content":"    @Override","lastModifiedDate":"2024-03-11","isFullCredit":false},{"lineNumber":8,"author":{"gitId":"stanleysee12"},"content":"    public String toString() {","lastModifiedDate":"2024-03-11","isFullCredit":false},{"lineNumber":9,"author":{"gitId":"stanleysee12"},"content":"        return \"[T]\" + super.toString();","lastModifiedDate":"2024-03-11","isFullCredit":false},{"lineNumber":10,"author":{"gitId":"stanleysee12"},"content":"    }","lastModifiedDate":"2024-03-11","isFullCredit":false},{"lineNumber":11,"author":{"gitId":"stanleysee12"},"content":"}","lastModifiedDate":"2024-03-11","isFullCredit":false}],"authorContributionMap":{"stanleysee12":11}},{"path":"src/main/java/fruits.txt","fileType":"txt","lines":[{"lineNumber":1,"author":{"gitId":"stanleysee12"},"content":"test","lastModifiedDate":"2024-02-02","isFullCredit":false},{"lineNumber":2,"author":{"gitId":"stanleysee12"},"content":"a","lastModifiedDate":"2024-02-02","isFullCredit":false},{"lineNumber":3,"author":{"gitId":"stanleysee12"},"content":"b","lastModifiedDate":"2024-02-02","isFullCredit":false},{"lineNumber":4,"author":{"gitId":"stanleysee12"},"content":"c","lastModifiedDate":"2024-02-02","isFullCredit":false},{"lineNumber":5,"author":{"gitId":"stanleysee12"},"content":"d","lastModifiedDate":"2024-02-02","isFullCredit":false},{"lineNumber":6,"author":{"gitId":"stanleysee12"},"content":"e","lastModifiedDate":"2024-02-02","isFullCredit":false}],"authorContributionMap":{"stanleysee12":6}}]
