{"authorDailyContributionsMap":{"orngcoffees":[{"date":"2024-02-14","commitResults":[{"hash":"0f67dd604ced2a78b95457ce64bd77f9e76abf5e","isMergeCommit":false,"messageTitle":"Level-0, Level-1, Level-2","messageBody":"","tags":["v1.0","Level-2"],"fileTypesAndContributionMap":{"java":{"insertions":33,"deletions":0}}}]},{"date":"2024-02-16","commitResults":[{"hash":"7908779cbd03e71548c504a2d0fe051a94fcc693","isMergeCommit":false,"messageTitle":"Implemented Level-3","messageBody":"","tags":["v1.1","Level-3"],"fileTypesAndContributionMap":{"java":{"insertions":51,"deletions":10}}}]},{"date":"2024-02-19","commitResults":[{"hash":"5d6f5a3f0e349113ed1cc2a9350841e4cc0d2f74","isMergeCommit":false,"messageTitle":"Implemented Level-4","messageBody":"","tags":["v1.2","Level-4"],"fileTypesAndContributionMap":{"java":{"insertions":98,"deletions":12}}}]},{"date":"2024-03-18","commitResults":[{"hash":"e1faae4ab589b7ade64e52430f6f93f2a8bc2995","isMergeCommit":false,"messageTitle":"Implemented Level-5 - Minimal error handling","messageBody":"","tags":["v1.3","Level-5"],"fileTypesAndContributionMap":{"java":{"insertions":6,"deletions":1}}}]},{"date":"2024-04-14","commitResults":[{"hash":"12d8aad2a5f58b58aac543391fe0f167b722fb17","isMergeCommit":false,"messageTitle":"Implemented Level-6 - Delete","messageBody":"","tags":["v1.4","Level-6"],"fileTypesAndContributionMap":{"java":{"insertions":12,"deletions":0}}},{"hash":"aa479ea3cb6f1fa49e314c59db966134a7b4e951","isMergeCommit":false,"messageTitle":"Implemented Level-7","messageBody":"","tags":["v1.5","Level-7"],"fileTypesAndContributionMap":{"txt":{"insertions":4,"deletions":0},"java":{"insertions":64,"deletions":2}}}]},{"date":"2024-04-16","commitResults":[{"hash":"e0c6123f29f87e858707fa23e3a85808e07e8498","isMergeCommit":false,"messageTitle":"Implemented A-MoreOOB and A-Packages","messageBody":"","tags":["v2.0"],"fileTypesAndContributionMap":{"txt":{"insertions":4,"deletions":0},"java":{"insertions":700,"deletions":125}}},{"hash":"8067f67df523cb551c35df4f7538b82b92e72ff9","isMergeCommit":false,"messageTitle":"Implemented Level-8 Dates and Times (for Deadline)","messageBody":"","tags":["v2.1","Level-8"],"fileTypesAndContributionMap":{"txt":{"insertions":2,"deletions":0},"java":{"insertions":19,"deletions":3}}},{"hash":"4034450d3c15583f22ef90b5b74a6f001977ca57","isMergeCommit":true,"messageTitle":"Merge remote-tracking branch \u0027origin/add-gradle-support\u0027","messageBody":"* origin/add-gradle-support:\n  Bump gradle and lib version\n  Add Gradle support\n  docs/README.md: Tweak document template\n","fileTypesAndContributionMap":{}}]},{"date":"2024-04-17","commitResults":[{"hash":"30750d8bca0519c8c99265cf847d1dc22f707363","isMergeCommit":false,"messageTitle":"Implemented A-Gradle, deleted old unused files","messageBody":"","tags":["v2.2"],"fileTypesAndContributionMap":{"gradle":{"insertions":1,"deletions":1},"java":{"insertions":0,"deletions":115}}},{"hash":"eefd13bad3be8afb8a71231aaf7ee17b47a2e9e7","isMergeCommit":false,"messageTitle":"Implemented A-JUnit for TodoTest and DeadlineTest","messageBody":"","tags":["v2.3"],"fileTypesAndContributionMap":{"gradle":{"insertions":1,"deletions":0},"txt":{"insertions":0,"deletions":1},"java":{"insertions":42,"deletions":0}}}]},{"date":"2024-04-18","commitResults":[{"hash":"3fc747ef34ed68b5ea1b911e98b242eeab3af34b","isMergeCommit":false,"messageTitle":"Implemented individual feature 1 (B-FixedDurationTasks)","messageBody":"","tags":["v2.4"],"fileTypesAndContributionMap":{"txt":{"insertions":1,"deletions":4},"java":{"insertions":70,"deletions":0}}}]},{"date":"2024-04-19","commitResults":[{"hash":"6651d9e7177db9fc60ac705dc97bb97a2fe44051","isMergeCommit":false,"messageTitle":"Implemented Level-9 - Find","messageBody":"","tags":["v2.5","Level-9"],"fileTypesAndContributionMap":{"java":{"insertions":47,"deletions":142}}}]},{"date":"2024-04-20","commitResults":[{"hash":"db5ee6c203532a2e7cb7f027526e4c319b9de383","isMergeCommit":false,"messageTitle":"Added A-JavaDoc","messageBody":"","tags":["v2.6"],"fileTypesAndContributionMap":{"java":{"insertions":212,"deletions":15}}},{"hash":"ddc9f3f2f8b3c7039e6d863c41f7559334d1457d","isMergeCommit":false,"messageTitle":"Updated logo","messageBody":"","tags":["v2.7"],"fileTypesAndContributionMap":{"java":{"insertions":11,"deletions":7}}},{"hash":"5adef582090559ef28227318605f988e5dd67084","isMergeCommit":false,"messageTitle":"Fixed bug on Deadline Time Format to include AM/PM","messageBody":"","tags":["v2.8"],"fileTypesAndContributionMap":{"txt":{"insertions":7,"deletions":6},"java":{"insertions":7,"deletions":6}}}]},{"date":"2024-04-21","commitResults":[{"hash":"7fd027d89464f6037162bac39a7ba35ab845ffc4","isMergeCommit":false,"messageTitle":"Implemented DukeExceptions as exceptions package","messageBody":"","tags":["v2.9"],"fileTypesAndContributionMap":{"txt":{"insertions":1,"deletions":1},"java":{"insertions":97,"deletions":27}}},{"hash":"7ba2994a5f57967f15c0e4590dab740057b9f4cf","isMergeCommit":false,"messageTitle":"Implemented A-Assertion","messageBody":"","tags":["v2.10"],"fileTypesAndContributionMap":{"java":{"insertions":12,"deletions":7}}},{"hash":"1cd3318666a4744572e6f67e9ea9049dc475a263","isMergeCommit":false,"messageTitle":"Implemented B-ViewSchedules","messageBody":"","tags":["v2.11"],"fileTypesAndContributionMap":{"txt":{"insertions":4,"deletions":5},"java":{"insertions":74,"deletions":16}}},{"hash":"8dbf5d09c9db44ed586b2ab718286d7170a23be7","isMergeCommit":false,"messageTitle":"Improved Error Handling to cover more errors","messageBody":"","tags":["v2.12"],"fileTypesAndContributionMap":{"txt":{"insertions":1,"deletions":1},"java":{"insertions":67,"deletions":23}}},{"hash":"2fcc36051aec0bbf8bcb6267648dce3ca8ee08ff","isMergeCommit":false,"messageTitle":"Improve formatting of files","messageBody":"","tags":["v2.13"],"fileTypesAndContributionMap":{"java":{"insertions":31,"deletions":3}}},{"hash":"314b20616e5edcf7bf5f3589d4811e98a3668a22","isMergeCommit":false,"messageTitle":"Updated storage function after JAR testing","messageBody":"","tags":["v2.14"],"fileTypesAndContributionMap":{"txt":{"insertions":6,"deletions":6},"java":{"insertions":35,"deletions":16}}},{"hash":"a23838f519b409c9a23426c0a831aceeedfa7764","isMergeCommit":false,"messageTitle":"Updated Format for IllegalDateException","messageBody":"","tags":["v2.15"],"fileTypesAndContributionMap":{"txt":{"insertions":2,"deletions":0},"java":{"insertions":3,"deletions":3}}}]}]},"authorFileTypeContributionMap":{"orngcoffees":{"java":1166,"md":0,"fxml":0,"sh":0,"bat":0,"gradle":2,"txt":8}},"authorContributionVariance":{"orngcoffees":10543.841},"authorDisplayNameMap":{"orngcoffees":"YAP ..M YI"}}
